OUTPUT_ROOT_DIR is not set
++++ dirname scripts/qwen2_5/qwen_2_5_rm.sh
+++ cd scripts/qwen2_5
+++ pwd
++ SCRIPT_DIR=/root/align-anything/scripts/qwen2_5
+++ dirname /root/align-anything/scripts/qwen2_5
++ ROOT_DIR=/root/align-anything/scripts
++ export PYTHONPATH=/root/align-anything/scripts:/usr/local/Ascend/ascend-toolkit/latest/python/site-packages:/usr/local/Ascend/ascend-toolkit/latest/opp/built-in/op_impl/ai_core/tbe:/usr/local/Ascend/ascend-toolkit/latest/opp/op_impl/built-in/ai_core/tbe:
++ PYTHONPATH=/root/align-anything/scripts:/usr/local/Ascend/ascend-toolkit/latest/python/site-packages:/usr/local/Ascend/ascend-toolkit/latest/opp/built-in/op_impl/ai_core/tbe:/usr/local/Ascend/ascend-toolkit/latest/opp/op_impl/built-in/ai_core/tbe:
++ export LOGLEVEL=WARNING
++ LOGLEVEL=WARNING
++ MASTER_PORT_START=10000
++ MASTER_PORT_END=65535
+++ shuf
+++ head -n 1
+++ comm -23 /dev/fd/63 /dev/fd/62
++++ seq 10000 65535
++++ ss -Htan
++++ sort
++++ awk '{ print $4 }'
++++ awk -F : '{ print $NF }'
++++ sort -u
++ MASTER_PORT=46822
++ mkdir -p output/qwen_2_5_rm
++ [[ ! -f output/qwen_2_5_rm/.gitignore ]]
++ cp -f scripts/qwen2_5/qwen_2_5_rm.sh output/qwen_2_5_rm/script.sh
++ [[ -z 94a37f280ad8b0c5600c5c4e12f4719f3150a6bc ]]
+ deepspeed --master_port 46822 --module align_anything.trainers.text_to_text.rm --model_name_or_path data/Qwen2.5-0.5B-Instruct --train_template HOMEWORK --train_datasets data/align_anything_t2t --train_split train --output_dir output/qwen_2_5_rm --epochs 1
[2025-05-26 17:12:35,433] [INFO] [real_accelerator.py:239:get_accelerator] Setting ds_accelerator to npu (auto detect)
[2025-05-26 17:12:38,531] [WARNING] [runner.py:215:fetch_hostfile] Unable to find hostfile, will proceed with training with local resources only.
[2025-05-26 17:12:38,532] [INFO] [runner.py:605:main] cmd = /home/miniconda3/envs/align-anything/bin/python3.11 -u -m deepspeed.launcher.launch --world_info=eyJsb2NhbGhvc3QiOiBbMF19 --master_addr=127.0.0.1 --master_port=46822 --module --enable_each_rank_log=None align_anything.trainers.text_to_text.rm --model_name_or_path data/Qwen2.5-0.5B-Instruct --train_template HOMEWORK --train_datasets data/align_anything_t2t --train_split train --output_dir output/qwen_2_5_rm --epochs 1
[2025-05-26 17:12:42,533] [INFO] [real_accelerator.py:239:get_accelerator] Setting ds_accelerator to npu (auto detect)
[2025-05-26 17:12:45,620] [INFO] [launch.py:146:main] WORLD INFO DICT: {'localhost': [0]}
[2025-05-26 17:12:45,621] [INFO] [launch.py:152:main] nnodes=1, num_local_procs=1, node_rank=0
[2025-05-26 17:12:45,621] [INFO] [launch.py:163:main] global_rank_mapping=defaultdict(<class 'list'>, {'localhost': [0]})
[2025-05-26 17:12:45,621] [INFO] [launch.py:164:main] dist_world_size=1
[2025-05-26 17:12:45,621] [INFO] [launch.py:168:main] Setting ASCEND_RT_VISIBLE_DEVICES=0
[2025-05-26 17:12:45,622] [INFO] [launch.py:256:main] process 396305 spawned with command: ['/home/miniconda3/envs/align-anything/bin/python3.11', '-u', '-m', 'align_anything.trainers.text_to_text.rm', '--local_rank=0', '--model_name_or_path', 'data/Qwen2.5-0.5B-Instruct', '--train_template', 'HOMEWORK', '--train_datasets', 'data/align_anything_t2t', '--train_split', 'train', '--output_dir', 'output/qwen_2_5_rm', '--epochs', '1']
[2025-05-26 17:12:52,041] [INFO] [real_accelerator.py:239:get_accelerator] Setting ds_accelerator to npu (auto detect)
[2025-05-26 17:12:55,594] [INFO] [comm.py:669:init_distributed] cdb=None
[2025-05-26 17:12:55,594] [INFO] [comm.py:700:init_distributed] Initializing TorchBackend in DeepSpeed with backend hccl
[2025-05-26 17:13:02,852] [INFO] [config.py:735:__init__] Config mesh_device None world_size = 1
Sliding Window Attention is enabled but not implemented for `sdpa`; unexpected results may be encountered.
[2025-05-26 17:13:03,213] [INFO] [partition_parameters.py:348:__exit__] finished initializing model - num_params = 291, num_elems = 0.49B
Some weights of AccustomedQwen2RewardModel were not initialized from the model checkpoint at data/Qwen2.5-0.5B-Instruct and are newly initialized: ['score_head.weight']
You should probably TRAIN this model on a down-stream task to be able to use it for predictions and inference.
/root/align-anything/align_anything/models/pretrained_model.py:309: RuntimeWarning: The tokenizer vocabulary size (151665) is different from the model embedding size (151936) before resizing.
  resize_tokenizer_embedding(tokenizer=tokenizer, model=model)
/root/align-anything/align_anything/models/pretrained_model.py:309: RuntimeWarning: The tokenizer vocabulary size (151665) is different from the model embedding size (151936) after resizing.
  resize_tokenizer_embedding(tokenizer=tokenizer, model=model)

Filtering valid indices:   0%|          | 0/5000 [00:00<?, ?it/s]
Filtering valid indices:   4%|▍         | 200/5000 [00:00<00:02, 1992.72it/s]
Filtering valid indices:   8%|▊         | 409/5000 [00:00<00:02, 2048.70it/s]
Filtering valid indices:  12%|█▏        | 619/5000 [00:00<00:02, 2070.30it/s]
Filtering valid indices:  17%|█▋        | 830/5000 [00:00<00:02, 2084.28it/s]
Filtering valid indices:  21%|██        | 1042/5000 [00:00<00:01, 2096.87it/s]
Filtering valid indices:  25%|██▌       | 1256/5000 [00:00<00:01, 2109.00it/s]
Filtering valid indices:  29%|██▉       | 1470/5000 [00:00<00:01, 2118.42it/s]
Filtering valid indices:  34%|███▎      | 1682/5000 [00:00<00:01, 2115.13it/s]
Filtering valid indices:  38%|███▊      | 1896/5000 [00:00<00:01, 2122.17it/s]
Filtering valid indices:  42%|████▏     | 2111/5000 [00:01<00:01, 2127.36it/s]
Filtering valid indices:  47%|████▋     | 2326/5000 [00:01<00:01, 2131.59it/s]
Filtering valid indices:  51%|█████     | 2540/5000 [00:01<00:01, 2131.95it/s]
Filtering valid indices:  55%|█████▌    | 2754/5000 [00:01<00:01, 2133.11it/s]
Filtering valid indices:  59%|█████▉    | 2968/5000 [00:01<00:00, 2135.04it/s]
Filtering valid indices:  64%|██████▎   | 3182/5000 [00:01<00:00, 2135.51it/s]
Filtering valid indices:  68%|██████▊   | 3397/5000 [00:01<00:00, 2137.24it/s]
Filtering valid indices:  72%|███████▏  | 3612/5000 [00:01<00:00, 2138.21it/s]
Filtering valid indices:  77%|███████▋  | 3827/5000 [00:01<00:00, 2139.70it/s]
Filtering valid indices:  81%|████████  | 4042/5000 [00:01<00:00, 2141.39it/s]
Filtering valid indices:  85%|████████▌ | 4257/5000 [00:02<00:00, 2138.86it/s]
Filtering valid indices:  89%|████████▉ | 4471/5000 [00:02<00:00, 2138.53it/s]
Filtering valid indices:  94%|█████████▎| 4685/5000 [00:02<00:00, 2137.42it/s]
Filtering valid indices:  98%|█████████▊| 4899/5000 [00:02<00:00, 2136.25it/s]
Filtering valid indices: 100%|██████████| 5000/5000 [00:02<00:00, 2123.94it/s]
[W compiler_depend.ts:70] Warning: Warning: The torch.npu.*DtypeTensor constructors are no longer recommended. It's best to use methods such as torch.tensor(data, dtype=*, device='npu') to create tensors. (function operator())
[2025-05-26 17:13:07,099] [INFO] [logging.py:107:log_dist] [Rank 0] DeepSpeed info: version=0.16.8, git-hash=unknown, git-branch=unknown
[2025-05-26 17:13:07,099] [INFO] [comm.py:694:init_distributed] Distributed backend already initialized
[2025-05-26 17:13:07,099] [INFO] [config.py:735:__init__] Config mesh_device None world_size = 1
[2025-05-26 17:13:07,111] [INFO] [logging.py:107:log_dist] [Rank 0] DeepSpeed Flops Profiler Enabled: False
[2025-05-26 17:13:07,113] [INFO] [logging.py:107:log_dist] [Rank 0] Using client Optimizer as basic optimizer
[2025-05-26 17:13:07,113] [INFO] [logging.py:107:log_dist] [Rank 0] Removing param_group that has no 'params' in the basic Optimizer
[2025-05-26 17:13:07,127] [INFO] [logging.py:107:log_dist] [Rank 0] DeepSpeed Basic Optimizer = FusedAdam
[2025-05-26 17:13:07,127] [INFO] [utils.py:59:is_zero_supported_optimizer] Checking ZeRO support for optimizer=FusedAdam type=<class 'deepspeed.ops.adam.fused_adam.FusedAdam'>
[2025-05-26 17:13:07,128] [INFO] [logging.py:107:log_dist] [Rank 0] Creating fp16 ZeRO stage 3 optimizer, MiCS is enabled False, Hierarchical params gather False
[2025-05-26 17:13:07,128] [INFO] [logging.py:107:log_dist] [Rank 0] Creating torch.bfloat16 ZeRO stage 3 optimizer
[2025-05-26 17:13:07,436] [INFO] [utils.py:781:see_memory_usage] Stage 3 initialize beginning
[2025-05-26 17:13:07,437] [INFO] [utils.py:782:see_memory_usage] MA 0.93 GB         Max_MA 1.43 GB         CA 1.5 GB         Max_CA 1 GB 
[2025-05-26 17:13:07,437] [INFO] [utils.py:789:see_memory_usage] CPU Virtual Memory:  used = 130.34 GB, percent = 8.5%
[2025-05-26 17:13:07,439] [INFO] [stage3.py:170:__init__] Reduce bucket size 500000000
[2025-05-26 17:13:07,439] [INFO] [stage3.py:171:__init__] Prefetch bucket size 30000000
[2025-05-26 17:13:07,724] [INFO] [utils.py:781:see_memory_usage] DeepSpeedZeRoOffload initialize [begin]
[2025-05-26 17:13:07,725] [INFO] [utils.py:782:see_memory_usage] MA 0.93 GB         Max_MA 0.93 GB         CA 1.5 GB         Max_CA 1 GB 
[2025-05-26 17:13:07,725] [INFO] [utils.py:789:see_memory_usage] CPU Virtual Memory:  used = 130.34 GB, percent = 8.5%
Parameter Offload: Total persistent parameters: 72448 in 122 params
[2025-05-26 17:13:08,116] [INFO] [utils.py:781:see_memory_usage] DeepSpeedZeRoOffload initialize [end]
[2025-05-26 17:13:08,117] [INFO] [utils.py:782:see_memory_usage] MA 0.93 GB         Max_MA 0.93 GB         CA 1.5 GB         Max_CA 1 GB 
[2025-05-26 17:13:08,117] [INFO] [utils.py:789:see_memory_usage] CPU Virtual Memory:  used = 130.37 GB, percent = 8.5%
[2025-05-26 17:13:08,419] [INFO] [utils.py:781:see_memory_usage] Before creating fp16 partitions
[2025-05-26 17:13:08,420] [INFO] [utils.py:782:see_memory_usage] MA 0.93 GB         Max_MA 0.93 GB         CA 1.5 GB         Max_CA 1 GB 
[2025-05-26 17:13:08,420] [INFO] [utils.py:789:see_memory_usage] CPU Virtual Memory:  used = 130.34 GB, percent = 8.5%
[2025-05-26 17:13:09,267] [INFO] [utils.py:781:see_memory_usage] After creating fp16 partitions: 2
[2025-05-26 17:13:09,268] [INFO] [utils.py:782:see_memory_usage] MA 0.92 GB         Max_MA 0.93 GB         CA 0.93 GB         Max_CA 1 GB 
[2025-05-26 17:13:09,268] [INFO] [utils.py:789:see_memory_usage] CPU Virtual Memory:  used = 130.36 GB, percent = 8.5%
[2025-05-26 17:13:09,574] [INFO] [utils.py:781:see_memory_usage] Before creating fp32 partitions
[2025-05-26 17:13:09,575] [INFO] [utils.py:782:see_memory_usage] MA 0.92 GB         Max_MA 0.92 GB         CA 0.93 GB         Max_CA 1 GB 
[2025-05-26 17:13:09,575] [INFO] [utils.py:789:see_memory_usage] CPU Virtual Memory:  used = 130.35 GB, percent = 8.5%
[2025-05-26 17:13:10,016] [INFO] [utils.py:781:see_memory_usage] After creating fp32 partitions
[2025-05-26 17:13:10,017] [INFO] [utils.py:782:see_memory_usage] MA 2.76 GB         Max_MA 3.68 GB         CA 3.69 GB         Max_CA 4 GB 
[2025-05-26 17:13:10,017] [INFO] [utils.py:789:see_memory_usage] CPU Virtual Memory:  used = 130.35 GB, percent = 8.5%
[2025-05-26 17:13:10,323] [INFO] [utils.py:781:see_memory_usage] Before initializing optimizer states
[2025-05-26 17:13:10,324] [INFO] [utils.py:782:see_memory_usage] MA 2.76 GB         Max_MA 2.76 GB         CA 3.69 GB         Max_CA 4 GB 
[2025-05-26 17:13:10,324] [INFO] [utils.py:789:see_memory_usage] CPU Virtual Memory:  used = 130.35 GB, percent = 8.5%
[2025-05-26 17:13:10,631] [INFO] [utils.py:781:see_memory_usage] After initializing optimizer states
[2025-05-26 17:13:10,632] [INFO] [utils.py:782:see_memory_usage] MA 2.76 GB         Max_MA 4.6 GB         CA 5.53 GB         Max_CA 6 GB 
[2025-05-26 17:13:10,633] [INFO] [utils.py:789:see_memory_usage] CPU Virtual Memory:  used = 130.35 GB, percent = 8.5%
[2025-05-26 17:13:10,633] [INFO] [stage3.py:534:_setup_for_real_optimizer] optimizer state initialized
[2025-05-26 17:13:11,095] [INFO] [utils.py:781:see_memory_usage] After initializing ZeRO optimizer
[2025-05-26 17:13:11,096] [INFO] [utils.py:782:see_memory_usage] MA 4.61 GB         Max_MA 5.12 GB         CA 5.53 GB         Max_CA 6 GB 
[2025-05-26 17:13:11,096] [INFO] [utils.py:789:see_memory_usage] CPU Virtual Memory:  used = 130.34 GB, percent = 8.5%
[2025-05-26 17:13:11,096] [INFO] [logging.py:107:log_dist] [Rank 0] DeepSpeed Final Optimizer = DeepSpeedZeroOptimizer_Stage3
[2025-05-26 17:13:11,096] [INFO] [logging.py:107:log_dist] [Rank 0] DeepSpeed using client LR scheduler
[2025-05-26 17:13:11,096] [INFO] [logging.py:107:log_dist] [Rank 0] DeepSpeed LR Scheduler = <torch.optim.lr_scheduler.LambdaLR object at 0xfffdbd74f850>
[2025-05-26 17:13:11,097] [INFO] [logging.py:107:log_dist] [Rank 0] step=0, skipped=0, lr=[0.0, 0.0], mom=[[0.9, 0.95], [0.9, 0.95]]
[2025-05-26 17:13:11,098] [INFO] [config.py:1003:print] DeepSpeedEngine configuration:
[2025-05-26 17:13:11,100] [INFO] [config.py:1007:print]   activation_checkpointing_config  {
    "partition_activations": false, 
    "contiguous_memory_optimization": false, 
    "cpu_checkpointing": false, 
    "number_checkpoints": null, 
    "synchronize_checkpoint_boundary": false, 
    "profile": false
}
[2025-05-26 17:13:11,100] [INFO] [config.py:1007:print]   aio_config ................... {'block_size': 1048576, 'queue_depth': 8, 'intra_op_parallelism': 1, 'single_submit': False, 'overlap_events': True, 'use_gds': False}
[2025-05-26 17:13:11,100] [INFO] [config.py:1007:print]   amp_enabled .................. False
[2025-05-26 17:13:11,100] [INFO] [config.py:1007:print]   amp_params ................... False
[2025-05-26 17:13:11,100] [INFO] [config.py:1007:print]   autotuning_config ............ {
    "enabled": false, 
    "start_step": null, 
    "end_step": null, 
    "metric_path": null, 
    "arg_mappings": null, 
    "metric": "throughput", 
    "model_info": null, 
    "results_dir": "autotuning_results", 
    "exps_dir": "autotuning_exps", 
    "overwrite": true, 
    "fast": true, 
    "start_profile_step": 3, 
    "end_profile_step": 5, 
    "tuner_type": "gridsearch", 
    "tuner_early_stopping": 5, 
    "tuner_num_trials": 50, 
    "model_info_path": null, 
    "mp_size": 1, 
    "max_train_batch_size": null, 
    "min_train_batch_size": 1, 
    "max_train_micro_batch_size_per_gpu": 1.024000e+03, 
    "min_train_micro_batch_size_per_gpu": 1, 
    "num_tuning_micro_batch_sizes": 3
}
[2025-05-26 17:13:11,100] [INFO] [config.py:1007:print]   bfloat16_enabled ............. True
[2025-05-26 17:13:11,100] [INFO] [config.py:1007:print]   bfloat16_immediate_grad_update  True
[2025-05-26 17:13:11,100] [INFO] [config.py:1007:print]   checkpoint_parallel_write_pipeline  False
[2025-05-26 17:13:11,101] [INFO] [config.py:1007:print]   checkpoint_tag_validation_enabled  True
[2025-05-26 17:13:11,101] [INFO] [config.py:1007:print]   checkpoint_tag_validation_fail  False
[2025-05-26 17:13:11,101] [INFO] [config.py:1007:print]   comms_config ................. <deepspeed.comm.config.DeepSpeedCommsConfig object at 0xfffdbd6f5f50>
[2025-05-26 17:13:11,101] [INFO] [config.py:1007:print]   communication_data_type ...... None
[2025-05-26 17:13:11,101] [INFO] [config.py:1007:print]   compile_config ............... deepcompile=False free_activation=False offload_activation=False offload_opt_states=False double_buffer=True symmetric_memory=False debug_log=False offload_parameters=False sync_before_reduce=False sync_after_reduce=False sync_before_allgather=False sync_after_allgather=False
[2025-05-26 17:13:11,101] [INFO] [config.py:1007:print]   compression_config ........... {'weight_quantization': {'shared_parameters': {'enabled': False, 'quantizer_kernel': False, 'schedule_offset': 0, 'quantize_groups': 1, 'quantize_verbose': False, 'quantization_type': 'symmetric', 'quantize_weight_in_forward': False, 'rounding': 'nearest', 'fp16_mixed_quantize': False, 'quantize_change_ratio': 0.001}, 'different_groups': {}}, 'activation_quantization': {'shared_parameters': {'enabled': False, 'quantization_type': 'symmetric', 'range_calibration': 'dynamic', 'schedule_offset': 1000}, 'different_groups': {}}, 'sparse_pruning': {'shared_parameters': {'enabled': False, 'method': 'l1', 'schedule_offset': 1000}, 'different_groups': {}}, 'row_pruning': {'shared_parameters': {'enabled': False, 'method': 'l1', 'schedule_offset': 1000}, 'different_groups': {}}, 'head_pruning': {'shared_parameters': {'enabled': False, 'method': 'topk', 'schedule_offset': 1000}, 'different_groups': {}}, 'channel_pruning': {'shared_parameters': {'enabled': False, 'method': 'l1', 'schedule_offset': 1000}, 'different_groups': {}}, 'layer_reduction': {'enabled': False}}
[2025-05-26 17:13:11,101] [INFO] [config.py:1007:print]   curriculum_enabled_legacy .... False
[2025-05-26 17:13:11,101] [INFO] [config.py:1007:print]   curriculum_params_legacy ..... False
[2025-05-26 17:13:11,101] [INFO] [config.py:1007:print]   data_efficiency_config ....... {'enabled': False, 'seed': 1234, 'data_sampling': {'enabled': False, 'num_epochs': 1000, 'num_workers': 0, 'pin_memory': False, 'curriculum_learning': {'enabled': False}, 'dynamic_batching': {'enabled': False, 'lr_scaling_method': 'linear', 'min_batch_size': 1, 'max_batch_size': None, 'sequence_picking_order': 'dataloader', 'verbose': False}}, 'data_routing': {'enabled': False, 'random_ltd': {'enabled': False, 'layer_token_lr_schedule': {'enabled': False}}}}
[2025-05-26 17:13:11,101] [INFO] [config.py:1007:print]   data_efficiency_enabled ...... False
[2025-05-26 17:13:11,101] [INFO] [config.py:1007:print]   dataloader_drop_last ......... False
[2025-05-26 17:13:11,101] [INFO] [config.py:1007:print]   disable_allgather ............ False
[2025-05-26 17:13:11,101] [INFO] [config.py:1007:print]   dump_state ................... False
[2025-05-26 17:13:11,101] [INFO] [config.py:1007:print]   dynamic_loss_scale_args ...... None
[2025-05-26 17:13:11,101] [INFO] [config.py:1007:print]   eigenvalue_enabled ........... False
[2025-05-26 17:13:11,101] [INFO] [config.py:1007:print]   eigenvalue_gas_boundary_resolution  1
[2025-05-26 17:13:11,101] [INFO] [config.py:1007:print]   eigenvalue_layer_name ........ bert.encoder.layer
[2025-05-26 17:13:11,102] [INFO] [config.py:1007:print]   eigenvalue_layer_num ......... 0
[2025-05-26 17:13:11,102] [INFO] [config.py:1007:print]   eigenvalue_max_iter .......... 100
[2025-05-26 17:13:11,102] [INFO] [config.py:1007:print]   eigenvalue_stability ......... 1e-06
[2025-05-26 17:13:11,102] [INFO] [config.py:1007:print]   eigenvalue_tol ............... 0.01
[2025-05-26 17:13:11,102] [INFO] [config.py:1007:print]   eigenvalue_verbose ........... False
[2025-05-26 17:13:11,102] [INFO] [config.py:1007:print]   elasticity_enabled ........... False
[2025-05-26 17:13:11,102] [INFO] [config.py:1007:print]   flops_profiler_config ........ {
    "enabled": false, 
    "recompute_fwd_factor": 0.0, 
    "profile_step": 1, 
    "module_depth": -1, 
    "top_modules": 1, 
    "detailed": true, 
    "output_file": null
}
[2025-05-26 17:13:11,102] [INFO] [config.py:1007:print]   fp16_auto_cast ............... None
[2025-05-26 17:13:11,102] [INFO] [config.py:1007:print]   fp16_enabled ................. False
[2025-05-26 17:13:11,102] [INFO] [config.py:1007:print]   fp16_master_weights_and_gradients  False
[2025-05-26 17:13:11,102] [INFO] [config.py:1007:print]   global_rank .................. 0
[2025-05-26 17:13:11,102] [INFO] [config.py:1007:print]   grad_accum_dtype ............. None
[2025-05-26 17:13:11,102] [INFO] [config.py:1007:print]   gradient_accumulation_steps .. 2
[2025-05-26 17:13:11,102] [INFO] [config.py:1007:print]   gradient_clipping ............ 1.0
[2025-05-26 17:13:11,102] [INFO] [config.py:1007:print]   gradient_predivide_factor .... 1.0
[2025-05-26 17:13:11,102] [INFO] [config.py:1007:print]   graph_harvesting ............. False
[2025-05-26 17:13:11,102] [INFO] [config.py:1007:print]   hybrid_engine ................ enabled=False max_out_tokens=512 inference_tp_size=1 release_inference_cache=False pin_parameters=True tp_gather_partition_size=8
[2025-05-26 17:13:11,102] [INFO] [config.py:1007:print]   initial_dynamic_scale ........ 1
[2025-05-26 17:13:11,103] [INFO] [config.py:1007:print]   load_universal_checkpoint .... False
[2025-05-26 17:13:11,103] [INFO] [config.py:1007:print]   loss_scale ................... 1.0
[2025-05-26 17:13:11,103] [INFO] [config.py:1007:print]   memory_breakdown ............. False
[2025-05-26 17:13:11,103] [INFO] [config.py:1007:print]   mics_hierarchial_params_gather  False
[2025-05-26 17:13:11,103] [INFO] [config.py:1007:print]   mics_shard_size .............. -1
[2025-05-26 17:13:11,103] [INFO] [config.py:1007:print]   monitor_config ............... tensorboard=TensorBoardConfig(enabled=False, output_path='', job_name='DeepSpeedJobName') comet=CometConfig(enabled=False, samples_log_interval=100, project=None, workspace=None, api_key=None, experiment_name=None, experiment_key=None, online=None, mode=None) wandb=WandbConfig(enabled=False, group=None, team=None, project='deepspeed') csv_monitor=CSVConfig(enabled=False, output_path='', job_name='DeepSpeedJobName')
[2025-05-26 17:13:11,103] [INFO] [config.py:1007:print]   nebula_config ................ {
    "enabled": false, 
    "persistent_storage_path": null, 
    "persistent_time_interval": 100, 
    "num_of_version_in_retention": 2, 
    "enable_nebula_load": true, 
    "load_path": null
}
[2025-05-26 17:13:11,103] [INFO] [config.py:1007:print]   optimizer_legacy_fusion ...... False
[2025-05-26 17:13:11,103] [INFO] [config.py:1007:print]   optimizer_name ............... None
[2025-05-26 17:13:11,103] [INFO] [config.py:1007:print]   optimizer_params ............. None
[2025-05-26 17:13:11,103] [INFO] [config.py:1007:print]   pipeline ..................... {'stages': 'auto', 'partition': 'best', 'seed_layers': False, 'activation_checkpoint_interval': 0, 'pipe_partitioned': True, 'grad_partitioned': True}
[2025-05-26 17:13:11,103] [INFO] [config.py:1007:print]   pld_enabled .................. False
[2025-05-26 17:13:11,103] [INFO] [config.py:1007:print]   pld_params ................... False
[2025-05-26 17:13:11,103] [INFO] [config.py:1007:print]   prescale_gradients ........... False
[2025-05-26 17:13:11,103] [INFO] [config.py:1007:print]   scheduler_name ............... None
[2025-05-26 17:13:11,103] [INFO] [config.py:1007:print]   scheduler_params ............. None
[2025-05-26 17:13:11,104] [INFO] [config.py:1007:print]   seq_parallel_communication_data_type  torch.float32
[2025-05-26 17:13:11,104] [INFO] [config.py:1007:print]   sparse_attention ............. None
[2025-05-26 17:13:11,104] [INFO] [config.py:1007:print]   sparse_gradients_enabled ..... False
[2025-05-26 17:13:11,104] [INFO] [config.py:1007:print]   steps_per_print .............. 10
[2025-05-26 17:13:11,104] [INFO] [config.py:1007:print]   tensor_parallel_config ....... dtype=torch.float16 autotp_size=0 tp_overlap_comm=False tensor_parallel=TPConfig(tp_size=1, tp_grain_size=1, mpu=None, tp_group=None) injection_policy_tuple=None keep_module_on_host=False replace_with_kernel_inject=False
[2025-05-26 17:13:11,104] [INFO] [config.py:1007:print]   timers_config ................ enabled=True synchronized=True
[2025-05-26 17:13:11,104] [INFO] [config.py:1007:print]   train_batch_size ............. 8
[2025-05-26 17:13:11,104] [INFO] [config.py:1007:print]   train_micro_batch_size_per_gpu  4
[2025-05-26 17:13:11,104] [INFO] [config.py:1007:print]   use_data_before_expert_parallel_  False
[2025-05-26 17:13:11,104] [INFO] [config.py:1007:print]   use_node_local_storage ....... False
[2025-05-26 17:13:11,104] [INFO] [config.py:1007:print]   wall_clock_breakdown ......... False
[2025-05-26 17:13:11,104] [INFO] [config.py:1007:print]   weight_quantization_config ... None
[2025-05-26 17:13:11,104] [INFO] [config.py:1007:print]   world_size ................... 1
[2025-05-26 17:13:11,104] [INFO] [config.py:1007:print]   zero_allow_untested_optimizer  False
[2025-05-26 17:13:11,104] [INFO] [config.py:1007:print]   zero_config .................. stage=3 contiguous_gradients=True reduce_scatter=True reduce_bucket_size=500000000 use_multi_rank_bucket_allreduce=True allgather_partitions=True allgather_bucket_size=500000000 overlap_comm=True load_from_fp32_weights=True elastic_checkpoint=False offload_param=DeepSpeedZeroOffloadParamConfig(device='none', nvme_path=None, buffer_count=5, buffer_size=100000000, max_in_cpu=1000000000, pin_memory=False) offload_optimizer=DeepSpeedZeroOffloadOptimizerConfig(device='none', nvme_path=None, buffer_count=4, pin_memory=False, pipeline_read=False, pipeline_write=False, fast_init=False, ratio=1.0) sub_group_size=1000000000 cpu_offload_param=None cpu_offload_use_pin_memory=None cpu_offload=None prefetch_bucket_size=30000000 param_persistence_threshold=10000 model_persistence_threshold=9223372036854775807 max_live_parameters=100000000 max_reuse_distance=1000000000 gather_16bit_weights_on_model_save=True module_granularity_threshold=0 use_all_reduce_for_fetch_params=False stage3_gather_fp16_weights_on_model_save=False ignore_unused_parameters=True legacy_stage1=False round_robin_gradients=False zero_hpz_partition_size=1 zero_quantized_weights=False zero_quantized_nontrainable_weights=False zero_quantized_gradients=False zeropp_loco_param=None mics_shard_size=-1 mics_hierarchical_params_gather=False memory_efficient_linear=False pipeline_loading_checkpoint=False override_module_apply=True log_trace_cache_warnings=False
[2025-05-26 17:13:11,104] [INFO] [config.py:1007:print]   zero_enabled ................. True
[2025-05-26 17:13:11,105] [INFO] [config.py:1007:print]   zero_force_ds_cpu_optimizer .. True
[2025-05-26 17:13:11,105] [INFO] [config.py:1007:print]   zero_optimization_stage ...... 3
[2025-05-26 17:13:11,105] [INFO] [config.py:993:print_user_config]   json = {
    "train_batch_size": 8, 
    "train_micro_batch_size_per_gpu": 4, 
    "gradient_accumulation_steps": 2, 
    "steps_per_print": 10, 
    "zero_optimization": {
        "stage": 3, 
        "offload_param": {
            "device": "none"
        }, 
        "offload_optimizer": {
            "device": "none"
        }, 
        "param_persistence_threshold": 1.000000e+04, 
        "max_live_parameters": 1.000000e+08, 
        "prefetch_bucket_size": 3.000000e+07, 
        "memory_efficient_linear": false, 
        "gather_16bit_weights_on_model_save": true, 
        "reduce_bucket_size": 5.000000e+08
    }, 
    "gradient_clipping": 1.0, 
    "prescale_gradients": false, 
    "wall_clock_breakdown": false, 
    "hybrid_engine": {
        "enabled": false, 
        "max_out_tokens": 512, 
        "inference_tp_size": 1, 
        "release_inference_cache": false, 
        "pin_parameters": true, 
        "tp_gather_partition_size": 8
    }, 
    "fp16": {
        "enabled": false, 
        "loss_scale": 0, 
        "loss_scale_window": 1000, 
        "initial_scale_power": 16, 
        "hysteresis": 2, 
        "min_loss_scale": 1
    }, 
    "bf16": {
        "enabled": true
    }
}
wandb: Currently logged in as: fomalhaut647 (fomalhaut647-peking-university) to https://api.wandb.ai. Use `wandb login --relogin` to force relogin
wandb: Tracking run with wandb version 0.19.11
wandb: Run data is saved locally in output/qwen_2_5_rm/wandb/run-20250526_171312-k13jkhnw
wandb: Run `wandb offline` to turn off syncing.
wandb: Syncing run rm-data/align_anything_t2t-2025-05-26-17-13-11
wandb: ⭐️ View project at https://wandb.ai/fomalhaut647-peking-university/align-anything
wandb: 🚀 View run at https://wandb.ai/fomalhaut647-peking-university/align-anything/runs/k13jkhnw
***** Running training *****

Training 1/1 epoch:   0%|          | 0/1250 [00:00<?, ?it/s]
Resuming from checkpoint 1/1 epoch :   0%|          | 0/1250 [00:00<?, ?it/s]`use_cache=True` is incompatible with gradient checkpointing. Setting `use_cache=False`.

Training 1/1 epoch (loss 0.9289):   0%|          | 0/1250 [00:02<?, ?it/s]   
Training 1/1 epoch (loss 0.9289):   0%|          | 1/1250 [00:02<56:58,  2.74s/it][W compiler_depend.ts:133] Warning: Warning: Device do not support double dtype now, dtype cast repalce with float. (function operator())

Training 1/1 epoch (loss 0.4396):   0%|          | 1/1250 [00:11<56:58,  2.74s/it]
Training 1/1 epoch (loss 0.4396):   0%|          | 2/1250 [00:11<2:10:51,  6.29s/it]
Training 1/1 epoch (loss 0.9626):   0%|          | 2/1250 [00:12<2:10:51,  6.29s/it]
Training 1/1 epoch (loss 0.9626):   0%|          | 3/1250 [00:12<1:23:25,  4.01s/it]
Training 1/1 epoch (loss 0.4950):   0%|          | 3/1250 [00:14<1:23:25,  4.01s/it]
Training 1/1 epoch (loss 0.4950):   0%|          | 4/1250 [00:14<1:05:27,  3.15s/it]
Training 1/1 epoch (loss 0.4412):   0%|          | 4/1250 [00:15<1:05:27,  3.15s/it]
Training 1/1 epoch (loss 0.4412):   0%|          | 5/1250 [00:15<51:46,  2.49s/it]  
Training 1/1 epoch (loss 0.7356):   0%|          | 5/1250 [00:17<51:46,  2.49s/it]
Training 1/1 epoch (loss 0.7356):   0%|          | 6/1250 [00:17<45:07,  2.18s/it]
Training 1/1 epoch (loss 1.1185):   0%|          | 6/1250 [00:18<45:07,  2.18s/it]
Training 1/1 epoch (loss 1.1185):   1%|          | 7/1250 [00:18<39:30,  1.91s/it]
Training 1/1 epoch (loss 0.9422):   1%|          | 7/1250 [00:20<39:30,  1.91s/it]
Training 1/1 epoch (loss 0.9422):   1%|          | 8/1250 [00:20<38:54,  1.88s/it]
Training 1/1 epoch (loss 1.5456):   1%|          | 8/1250 [00:22<38:54,  1.88s/it]
Training 1/1 epoch (loss 1.5456):   1%|          | 9/1250 [00:22<37:03,  1.79s/it]
Training 1/1 epoch (loss 0.2562):   1%|          | 9/1250 [00:24<37:03,  1.79s/it]
Training 1/1 epoch (loss 0.2562):   1%|          | 10/1250 [00:24<37:09,  1.80s/it]
Training 1/1 epoch (loss 1.5646):   1%|          | 10/1250 [00:25<37:09,  1.80s/it]
Training 1/1 epoch (loss 1.5646):   1%|          | 11/1250 [00:25<35:15,  1.71s/it]
Training 1/1 epoch (loss 1.0378):   1%|          | 11/1250 [00:27<35:15,  1.71s/it]
Training 1/1 epoch (loss 1.0378):   1%|          | 12/1250 [00:27<35:34,  1.72s/it]
Training 1/1 epoch (loss 0.6635):   1%|          | 12/1250 [00:28<35:34,  1.72s/it]
Training 1/1 epoch (loss 0.6635):   1%|          | 13/1250 [00:28<33:48,  1.64s/it]
Training 1/1 epoch (loss 0.8051):   1%|          | 13/1250 [00:30<33:48,  1.64s/it]
Training 1/1 epoch (loss 0.8051):   1%|          | 14/1250 [00:30<34:19,  1.67s/it]
Training 1/1 epoch (loss 0.7663):   1%|          | 14/1250 [00:32<34:19,  1.67s/it]
Training 1/1 epoch (loss 0.7663):   1%|          | 15/1250 [00:32<33:29,  1.63s/it]
Training 1/1 epoch (loss 0.7479):   1%|          | 15/1250 [00:33<33:29,  1.63s/it]
Training 1/1 epoch (loss 0.7479):   1%|▏         | 16/1250 [00:33<35:02,  1.70s/it]
Training 1/1 epoch (loss 0.9202):   1%|▏         | 16/1250 [00:35<35:02,  1.70s/it]
Training 1/1 epoch (loss 0.9202):   1%|▏         | 17/1250 [00:35<34:11,  1.66s/it]
Training 1/1 epoch (loss 0.5895):   1%|▏         | 17/1250 [00:37<34:11,  1.66s/it]
Training 1/1 epoch (loss 0.5895):   1%|▏         | 18/1250 [00:37<35:17,  1.72s/it]
Training 1/1 epoch (loss 0.9006):   1%|▏         | 18/1250 [00:38<35:17,  1.72s/it]
Training 1/1 epoch (loss 0.9006):   2%|▏         | 19/1250 [00:38<33:40,  1.64s/it][2025-05-26 17:13:53,294] [INFO] [logging.py:107:log_dist] [Rank 0] step=10, skipped=0, lr=[1.1111111111111113e-05, 1.1111111111111113e-05], mom=[[0.9, 0.95], [0.9, 0.95]]
[2025-05-26 17:13:53,295] [INFO] [timer.py:264:stop] epoch=0/micro_step=20/global_step=10, RunningAvgSamplesPerSec=4.5629645887624, CurrSamplesPerSec=4.549346243731928, MemAllocated=8.29GB, MaxMemAllocated=11.05GB

Training 1/1 epoch (loss 0.5465):   2%|▏         | 19/1250 [00:40<33:40,  1.64s/it]
Training 1/1 epoch (loss 0.5465):   2%|▏         | 20/1250 [00:40<34:43,  1.69s/it]
Training 1/1 epoch (loss 1.1687):   2%|▏         | 20/1250 [00:42<34:43,  1.69s/it]
Training 1/1 epoch (loss 1.1687):   2%|▏         | 21/1250 [00:42<33:58,  1.66s/it]
Training 1/1 epoch (loss 0.9452):   2%|▏         | 21/1250 [00:43<33:58,  1.66s/it]
Training 1/1 epoch (loss 0.9452):   2%|▏         | 22/1250 [00:43<33:48,  1.65s/it]
Training 1/1 epoch (loss 0.7556):   2%|▏         | 22/1250 [00:45<33:48,  1.65s/it]
Training 1/1 epoch (loss 0.7556):   2%|▏         | 23/1250 [00:45<32:48,  1.60s/it]
Training 1/1 epoch (loss 0.7732):   2%|▏         | 23/1250 [00:47<32:48,  1.60s/it]
Training 1/1 epoch (loss 0.7732):   2%|▏         | 24/1250 [00:47<33:23,  1.63s/it]
Training 1/1 epoch (loss 0.6996):   2%|▏         | 24/1250 [00:48<33:23,  1.63s/it]
Training 1/1 epoch (loss 0.6996):   2%|▏         | 25/1250 [00:48<32:35,  1.60s/it]
Training 1/1 epoch (loss 0.8408):   2%|▏         | 25/1250 [00:50<32:35,  1.60s/it]
Training 1/1 epoch (loss 0.8408):   2%|▏         | 26/1250 [00:50<32:33,  1.60s/it]
Training 1/1 epoch (loss 0.8212):   2%|▏         | 26/1250 [00:51<32:33,  1.60s/it]
Training 1/1 epoch (loss 0.8212):   2%|▏         | 27/1250 [00:51<31:37,  1.55s/it]
Training 1/1 epoch (loss 0.6638):   2%|▏         | 27/1250 [00:53<31:37,  1.55s/it]
Training 1/1 epoch (loss 0.6638):   2%|▏         | 28/1250 [00:53<32:59,  1.62s/it]
Training 1/1 epoch (loss 0.5519):   2%|▏         | 28/1250 [00:54<32:59,  1.62s/it]
Training 1/1 epoch (loss 0.5519):   2%|▏         | 29/1250 [00:54<31:32,  1.55s/it]
Training 1/1 epoch (loss 0.8489):   2%|▏         | 29/1250 [00:56<31:32,  1.55s/it]
Training 1/1 epoch (loss 0.8489):   2%|▏         | 30/1250 [00:56<33:43,  1.66s/it]
Training 1/1 epoch (loss 0.6112):   2%|▏         | 30/1250 [00:58<33:43,  1.66s/it]
Training 1/1 epoch (loss 0.6112):   2%|▏         | 31/1250 [00:58<32:42,  1.61s/it]
Training 1/1 epoch (loss 0.7543):   2%|▏         | 31/1250 [00:59<32:42,  1.61s/it]
Training 1/1 epoch (loss 0.7543):   3%|▎         | 32/1250 [00:59<33:42,  1.66s/it]
Training 1/1 epoch (loss 0.5956):   3%|▎         | 32/1250 [01:01<33:42,  1.66s/it]
Training 1/1 epoch (loss 0.5956):   3%|▎         | 33/1250 [01:01<32:16,  1.59s/it]
Training 1/1 epoch (loss 0.7855):   3%|▎         | 33/1250 [01:03<32:16,  1.59s/it]
Training 1/1 epoch (loss 0.7855):   3%|▎         | 34/1250 [01:03<33:46,  1.67s/it]
Training 1/1 epoch (loss 1.2561):   3%|▎         | 34/1250 [01:04<33:46,  1.67s/it]
Training 1/1 epoch (loss 1.2561):   3%|▎         | 35/1250 [01:04<32:13,  1.59s/it]
Training 1/1 epoch (loss 0.6354):   3%|▎         | 35/1250 [01:06<32:13,  1.59s/it]
Training 1/1 epoch (loss 0.6354):   3%|▎         | 36/1250 [01:06<33:53,  1.67s/it]
Training 1/1 epoch (loss 0.9242):   3%|▎         | 36/1250 [01:07<33:53,  1.67s/it]
Training 1/1 epoch (loss 0.9242):   3%|▎         | 37/1250 [01:07<31:56,  1.58s/it]
Training 1/1 epoch (loss 0.6131):   3%|▎         | 37/1250 [01:09<31:56,  1.58s/it]
Training 1/1 epoch (loss 0.6131):   3%|▎         | 38/1250 [01:09<32:06,  1.59s/it]
Training 1/1 epoch (loss 0.6721):   3%|▎         | 38/1250 [01:11<32:06,  1.59s/it]
Training 1/1 epoch (loss 0.6721):   3%|▎         | 39/1250 [01:11<31:35,  1.57s/it][2025-05-26 17:14:25,615] [INFO] [logging.py:107:log_dist] [Rank 0] step=20, skipped=0, lr=[1.9999464266898485e-05, 1.9999464266898485e-05], mom=[[0.9, 0.95], [0.9, 0.95]]
[2025-05-26 17:14:25,616] [INFO] [timer.py:264:stop] epoch=0/micro_step=40/global_step=20, RunningAvgSamplesPerSec=4.204416585400021, CurrSamplesPerSec=3.849866901914153, MemAllocated=8.29GB, MaxMemAllocated=11.05GB

Training 1/1 epoch (loss 0.6533):   3%|▎         | 39/1250 [01:12<31:35,  1.57s/it]
Training 1/1 epoch (loss 0.6533):   3%|▎         | 40/1250 [01:12<32:45,  1.62s/it]
Training 1/1 epoch (loss 1.3270):   3%|▎         | 40/1250 [01:14<32:45,  1.62s/it]
Training 1/1 epoch (loss 1.3270):   3%|▎         | 41/1250 [01:14<31:37,  1.57s/it]
Training 1/1 epoch (loss 0.8917):   3%|▎         | 41/1250 [01:16<31:37,  1.57s/it]
Training 1/1 epoch (loss 0.8917):   3%|▎         | 42/1250 [01:16<33:26,  1.66s/it]
Training 1/1 epoch (loss 0.7637):   3%|▎         | 42/1250 [01:17<33:26,  1.66s/it]
Training 1/1 epoch (loss 0.7637):   3%|▎         | 43/1250 [01:17<32:25,  1.61s/it]
Training 1/1 epoch (loss 0.8721):   3%|▎         | 43/1250 [01:19<32:25,  1.61s/it]
Training 1/1 epoch (loss 0.8721):   4%|▎         | 44/1250 [01:19<34:42,  1.73s/it]
Training 1/1 epoch (loss 0.7403):   4%|▎         | 44/1250 [01:21<34:42,  1.73s/it]
Training 1/1 epoch (loss 0.7403):   4%|▎         | 45/1250 [01:21<33:11,  1.65s/it]
Training 1/1 epoch (loss 0.8427):   4%|▎         | 45/1250 [01:22<33:11,  1.65s/it]
Training 1/1 epoch (loss 0.8427):   4%|▎         | 46/1250 [01:22<34:25,  1.72s/it]
Training 1/1 epoch (loss 0.6266):   4%|▎         | 46/1250 [01:24<34:25,  1.72s/it]
Training 1/1 epoch (loss 0.6266):   4%|▍         | 47/1250 [01:24<32:50,  1.64s/it]
Training 1/1 epoch (loss 0.7579):   4%|▍         | 47/1250 [01:26<32:50,  1.64s/it]
Training 1/1 epoch (loss 0.7579):   4%|▍         | 48/1250 [01:26<34:13,  1.71s/it]
Training 1/1 epoch (loss 0.6419):   4%|▍         | 48/1250 [01:27<34:13,  1.71s/it]
Training 1/1 epoch (loss 0.6419):   4%|▍         | 49/1250 [01:27<33:20,  1.67s/it]
Training 1/1 epoch (loss 0.5950):   4%|▍         | 49/1250 [01:29<33:20,  1.67s/it]
Training 1/1 epoch (loss 0.5950):   4%|▍         | 50/1250 [01:29<34:44,  1.74s/it]
Training 1/1 epoch (loss 0.7114):   4%|▍         | 50/1250 [01:31<34:44,  1.74s/it]
Training 1/1 epoch (loss 0.7114):   4%|▍         | 51/1250 [01:31<33:27,  1.67s/it]
Training 1/1 epoch (loss 1.0261):   4%|▍         | 51/1250 [01:33<33:27,  1.67s/it]
Training 1/1 epoch (loss 1.0261):   4%|▍         | 52/1250 [01:33<35:49,  1.79s/it]
Training 1/1 epoch (loss 0.5622):   4%|▍         | 52/1250 [01:34<35:49,  1.79s/it]
Training 1/1 epoch (loss 0.5622):   4%|▍         | 53/1250 [01:34<33:44,  1.69s/it]
Training 1/1 epoch (loss 0.6374):   4%|▍         | 53/1250 [01:36<33:44,  1.69s/it]
Training 1/1 epoch (loss 0.6374):   4%|▍         | 54/1250 [01:36<34:04,  1.71s/it]
Training 1/1 epoch (loss 0.4527):   4%|▍         | 54/1250 [01:37<34:04,  1.71s/it]
Training 1/1 epoch (loss 0.4527):   4%|▍         | 55/1250 [01:37<30:55,  1.55s/it]
Training 1/1 epoch (loss 0.6624):   4%|▍         | 55/1250 [01:39<30:55,  1.55s/it]
Training 1/1 epoch (loss 0.6624):   4%|▍         | 56/1250 [01:39<32:12,  1.62s/it]
Training 1/1 epoch (loss 1.4091):   4%|▍         | 56/1250 [01:40<32:12,  1.62s/it]
Training 1/1 epoch (loss 1.4091):   5%|▍         | 57/1250 [01:40<31:19,  1.58s/it]
Training 1/1 epoch (loss 0.2902):   5%|▍         | 57/1250 [01:42<31:19,  1.58s/it]
Training 1/1 epoch (loss 0.2902):   5%|▍         | 58/1250 [01:42<32:16,  1.62s/it]
Training 1/1 epoch (loss 1.0899):   5%|▍         | 58/1250 [01:44<32:16,  1.62s/it]
Training 1/1 epoch (loss 1.0899):   5%|▍         | 59/1250 [01:44<31:31,  1.59s/it][2025-05-26 17:14:58,935] [INFO] [logging.py:107:log_dist] [Rank 0] step=30, skipped=0, lr=[1.998071963486563e-05, 1.998071963486563e-05], mom=[[0.9, 0.95], [0.9, 0.95]]
[2025-05-26 17:14:58,936] [INFO] [timer.py:264:stop] epoch=0/micro_step=60/global_step=30, RunningAvgSamplesPerSec=4.090302187083996, CurrSamplesPerSec=3.580773699722929, MemAllocated=8.29GB, MaxMemAllocated=11.05GB

Training 1/1 epoch (loss 0.9327):   5%|▍         | 59/1250 [01:46<31:31,  1.59s/it]
Training 1/1 epoch (loss 0.9327):   5%|▍         | 60/1250 [01:46<33:12,  1.67s/it]
Training 1/1 epoch (loss 0.6008):   5%|▍         | 60/1250 [01:47<33:12,  1.67s/it]
Training 1/1 epoch (loss 0.6008):   5%|▍         | 61/1250 [01:47<32:31,  1.64s/it]
Training 1/1 epoch (loss 0.3314):   5%|▍         | 61/1250 [01:49<32:31,  1.64s/it]
Training 1/1 epoch (loss 0.3314):   5%|▍         | 62/1250 [01:49<33:07,  1.67s/it]
Training 1/1 epoch (loss 0.5178):   5%|▍         | 62/1250 [01:50<33:07,  1.67s/it]
Training 1/1 epoch (loss 0.5178):   5%|▌         | 63/1250 [01:50<31:32,  1.59s/it]
Training 1/1 epoch (loss 1.6318):   5%|▌         | 63/1250 [01:52<31:32,  1.59s/it]
Training 1/1 epoch (loss 1.6318):   5%|▌         | 64/1250 [01:52<32:54,  1.67s/it]
Training 1/1 epoch (loss 1.0684):   5%|▌         | 64/1250 [01:54<32:54,  1.67s/it]
Training 1/1 epoch (loss 1.0684):   5%|▌         | 65/1250 [01:54<32:51,  1.66s/it]
Training 1/1 epoch (loss 0.8570):   5%|▌         | 65/1250 [01:56<32:51,  1.66s/it]
Training 1/1 epoch (loss 0.8570):   5%|▌         | 66/1250 [01:56<33:53,  1.72s/it]
Training 1/1 epoch (loss 0.8478):   5%|▌         | 66/1250 [01:57<33:53,  1.72s/it]
Training 1/1 epoch (loss 0.8478):   5%|▌         | 67/1250 [01:57<33:06,  1.68s/it]
Training 1/1 epoch (loss 0.7986):   5%|▌         | 67/1250 [01:59<33:06,  1.68s/it]
Training 1/1 epoch (loss 0.7986):   5%|▌         | 68/1250 [01:59<33:53,  1.72s/it]
Training 1/1 epoch (loss 0.8818):   5%|▌         | 68/1250 [02:01<33:53,  1.72s/it]
Training 1/1 epoch (loss 0.8818):   6%|▌         | 69/1250 [02:01<33:26,  1.70s/it]
Training 1/1 epoch (loss 0.7605):   6%|▌         | 69/1250 [02:03<33:26,  1.70s/it]
Training 1/1 epoch (loss 0.7605):   6%|▌         | 70/1250 [02:03<34:18,  1.74s/it]
Training 1/1 epoch (loss 0.6341):   6%|▌         | 70/1250 [02:04<34:18,  1.74s/it]
Training 1/1 epoch (loss 0.6341):   6%|▌         | 71/1250 [02:04<33:30,  1.71s/it]
Training 1/1 epoch (loss 0.6148):   6%|▌         | 71/1250 [02:06<33:30,  1.71s/it]
Training 1/1 epoch (loss 0.6148):   6%|▌         | 72/1250 [02:06<33:52,  1.73s/it]
Training 1/1 epoch (loss 1.0443):   6%|▌         | 72/1250 [02:08<33:52,  1.73s/it]
Training 1/1 epoch (loss 1.0443):   6%|▌         | 73/1250 [02:08<33:01,  1.68s/it]
Training 1/1 epoch (loss 0.6802):   6%|▌         | 73/1250 [02:09<33:01,  1.68s/it]
Training 1/1 epoch (loss 0.6802):   6%|▌         | 74/1250 [02:09<33:22,  1.70s/it]
Training 1/1 epoch (loss 0.6390):   6%|▌         | 74/1250 [02:11<33:22,  1.70s/it]
Training 1/1 epoch (loss 0.6390):   6%|▌         | 75/1250 [02:11<31:53,  1.63s/it]
Training 1/1 epoch (loss 0.7785):   6%|▌         | 75/1250 [02:12<31:53,  1.63s/it]
Training 1/1 epoch (loss 0.7785):   6%|▌         | 76/1250 [02:12<32:37,  1.67s/it]
Training 1/1 epoch (loss 0.7010):   6%|▌         | 76/1250 [02:14<32:37,  1.67s/it]
Training 1/1 epoch (loss 0.7010):   6%|▌         | 77/1250 [02:14<31:15,  1.60s/it]
Training 1/1 epoch (loss 0.7121):   6%|▌         | 77/1250 [02:16<31:15,  1.60s/it]
Training 1/1 epoch (loss 0.7121):   6%|▌         | 78/1250 [02:16<31:58,  1.64s/it]
Training 1/1 epoch (loss 0.7658):   6%|▌         | 78/1250 [02:17<31:58,  1.64s/it]
Training 1/1 epoch (loss 0.7658):   6%|▋         | 79/1250 [02:17<31:06,  1.59s/it][2025-05-26 17:15:32,239] [INFO] [logging.py:107:log_dist] [Rank 0] step=40, skipped=0, lr=[1.993524572210807e-05, 1.993524572210807e-05], mom=[[0.9, 0.95], [0.9, 0.95]]
[2025-05-26 17:15:32,240] [INFO] [timer.py:264:stop] epoch=0/micro_step=80/global_step=40, RunningAvgSamplesPerSec=3.9996622897746397, CurrSamplesPerSec=3.8078231819307553, MemAllocated=8.29GB, MaxMemAllocated=11.05GB

Training 1/1 epoch (loss 0.6550):   6%|▋         | 79/1250 [02:19<31:06,  1.59s/it]
Training 1/1 epoch (loss 0.6550):   6%|▋         | 80/1250 [02:19<31:56,  1.64s/it]
Training 1/1 epoch (loss 0.7120):   6%|▋         | 80/1250 [02:20<31:56,  1.64s/it]
Training 1/1 epoch (loss 0.7120):   6%|▋         | 81/1250 [02:20<30:54,  1.59s/it]
Training 1/1 epoch (loss 0.7895):   6%|▋         | 81/1250 [02:22<30:54,  1.59s/it]
Training 1/1 epoch (loss 0.7895):   7%|▋         | 82/1250 [02:22<31:36,  1.62s/it]
Training 1/1 epoch (loss 0.6646):   7%|▋         | 82/1250 [02:23<31:36,  1.62s/it]
Training 1/1 epoch (loss 0.6646):   7%|▋         | 83/1250 [02:23<29:08,  1.50s/it]
Training 1/1 epoch (loss 0.6843):   7%|▋         | 83/1250 [02:25<29:08,  1.50s/it]
Training 1/1 epoch (loss 0.6843):   7%|▋         | 84/1250 [02:25<30:18,  1.56s/it]
Training 1/1 epoch (loss 0.5488):   7%|▋         | 84/1250 [02:26<30:18,  1.56s/it]
Training 1/1 epoch (loss 0.5488):   7%|▋         | 85/1250 [02:26<28:11,  1.45s/it]
Training 1/1 epoch (loss 0.6268):   7%|▋         | 85/1250 [02:28<28:11,  1.45s/it]
Training 1/1 epoch (loss 0.6268):   7%|▋         | 86/1250 [02:28<29:39,  1.53s/it]
Training 1/1 epoch (loss 0.5910):   7%|▋         | 86/1250 [02:29<29:39,  1.53s/it]
Training 1/1 epoch (loss 0.5910):   7%|▋         | 87/1250 [02:29<29:23,  1.52s/it]
Training 1/1 epoch (loss 0.7465):   7%|▋         | 87/1250 [02:31<29:23,  1.52s/it]
Training 1/1 epoch (loss 0.7465):   7%|▋         | 88/1250 [02:31<30:49,  1.59s/it]
Training 1/1 epoch (loss 0.4690):   7%|▋         | 88/1250 [02:33<30:49,  1.59s/it]
Training 1/1 epoch (loss 0.4690):   7%|▋         | 89/1250 [02:33<29:55,  1.55s/it]
Training 1/1 epoch (loss 0.6784):   7%|▋         | 89/1250 [02:34<29:55,  1.55s/it]
Training 1/1 epoch (loss 0.6784):   7%|▋         | 90/1250 [02:34<30:50,  1.60s/it]
Training 1/1 epoch (loss 0.7811):   7%|▋         | 90/1250 [02:36<30:50,  1.60s/it]
Training 1/1 epoch (loss 0.7811):   7%|▋         | 91/1250 [02:36<31:04,  1.61s/it]
Training 1/1 epoch (loss 0.5107):   7%|▋         | 91/1250 [02:38<31:04,  1.61s/it]
Training 1/1 epoch (loss 0.5107):   7%|▋         | 92/1250 [02:38<32:00,  1.66s/it]
Training 1/1 epoch (loss 0.4904):   7%|▋         | 92/1250 [02:39<32:00,  1.66s/it]
Training 1/1 epoch (loss 0.4904):   7%|▋         | 93/1250 [02:39<29:17,  1.52s/it]
Training 1/1 epoch (loss 0.4954):   7%|▋         | 93/1250 [02:41<29:17,  1.52s/it]
Training 1/1 epoch (loss 0.4954):   8%|▊         | 94/1250 [02:41<30:47,  1.60s/it]
Training 1/1 epoch (loss 1.0976):   8%|▊         | 94/1250 [02:42<30:47,  1.60s/it]
Training 1/1 epoch (loss 1.0976):   8%|▊         | 95/1250 [02:42<29:59,  1.56s/it]
Training 1/1 epoch (loss 0.8790):   8%|▊         | 95/1250 [02:44<29:59,  1.56s/it]
Training 1/1 epoch (loss 0.8790):   8%|▊         | 96/1250 [02:44<29:19,  1.52s/it]
Training 1/1 epoch (loss 0.7594):   8%|▊         | 96/1250 [02:45<29:19,  1.52s/it]
Training 1/1 epoch (loss 0.7594):   8%|▊         | 97/1250 [02:45<29:23,  1.53s/it]
Training 1/1 epoch (loss 0.8655):   8%|▊         | 97/1250 [02:47<29:23,  1.53s/it]
Training 1/1 epoch (loss 0.8655):   8%|▊         | 98/1250 [02:47<30:16,  1.58s/it]
Training 1/1 epoch (loss 0.7586):   8%|▊         | 98/1250 [02:48<30:16,  1.58s/it]
Training 1/1 epoch (loss 0.7586):   8%|▊         | 99/1250 [02:48<28:58,  1.51s/it][2025-05-26 17:16:03,005] [INFO] [logging.py:107:log_dist] [Rank 0] step=50, skipped=0, lr=[1.9863164311926433e-05, 1.9863164311926433e-05], mom=[[0.9, 0.95], [0.9, 0.95]]
[2025-05-26 17:16:03,006] [INFO] [timer.py:264:stop] epoch=0/micro_step=100/global_step=50, RunningAvgSamplesPerSec=4.0364297611477244, CurrSamplesPerSec=4.7108279116361595, MemAllocated=8.29GB, MaxMemAllocated=11.05GB

Training 1/1 epoch (loss 0.6690):   8%|▊         | 99/1250 [02:50<28:58,  1.51s/it]
Training 1/1 epoch (loss 0.6690):   8%|▊         | 100/1250 [02:50<28:45,  1.50s/it]
Training 1/1 epoch (loss 0.6475):   8%|▊         | 100/1250 [02:51<28:45,  1.50s/it]
Training 1/1 epoch (loss 0.6475):   8%|▊         | 101/1250 [02:51<28:28,  1.49s/it]
Training 1/1 epoch (loss 1.0869):   8%|▊         | 101/1250 [02:53<28:28,  1.49s/it]
Training 1/1 epoch (loss 1.0869):   8%|▊         | 102/1250 [02:53<29:59,  1.57s/it]
Training 1/1 epoch (loss 0.9365):   8%|▊         | 102/1250 [02:54<29:59,  1.57s/it]
Training 1/1 epoch (loss 0.9365):   8%|▊         | 103/1250 [02:54<29:44,  1.56s/it]
Training 1/1 epoch (loss 0.3273):   8%|▊         | 103/1250 [02:56<29:44,  1.56s/it]
Training 1/1 epoch (loss 0.3273):   8%|▊         | 104/1250 [02:56<31:09,  1.63s/it]
Training 1/1 epoch (loss 0.9293):   8%|▊         | 104/1250 [02:58<31:09,  1.63s/it]
Training 1/1 epoch (loss 0.9293):   8%|▊         | 105/1250 [02:58<30:11,  1.58s/it]
Training 1/1 epoch (loss 0.7523):   8%|▊         | 105/1250 [02:59<30:11,  1.58s/it]
Training 1/1 epoch (loss 0.7523):   8%|▊         | 106/1250 [02:59<30:17,  1.59s/it]
Training 1/1 epoch (loss 0.3912):   8%|▊         | 106/1250 [03:01<30:17,  1.59s/it]
Training 1/1 epoch (loss 0.3912):   9%|▊         | 107/1250 [03:01<29:38,  1.56s/it]
Training 1/1 epoch (loss 0.5368):   9%|▊         | 107/1250 [03:03<29:38,  1.56s/it]
Training 1/1 epoch (loss 0.5368):   9%|▊         | 108/1250 [03:03<30:58,  1.63s/it]
Training 1/1 epoch (loss 0.3260):   9%|▊         | 108/1250 [03:04<30:58,  1.63s/it]
Training 1/1 epoch (loss 0.3260):   9%|▊         | 109/1250 [03:04<29:48,  1.57s/it]
Training 1/1 epoch (loss 1.1024):   9%|▊         | 109/1250 [03:06<29:48,  1.57s/it]
Training 1/1 epoch (loss 1.1024):   9%|▉         | 110/1250 [03:06<30:26,  1.60s/it]
Training 1/1 epoch (loss 0.7848):   9%|▉         | 110/1250 [03:07<30:26,  1.60s/it]
Training 1/1 epoch (loss 0.7848):   9%|▉         | 111/1250 [03:07<29:47,  1.57s/it]
Training 1/1 epoch (loss 0.7813):   9%|▉         | 111/1250 [03:09<29:47,  1.57s/it]
Training 1/1 epoch (loss 0.7813):   9%|▉         | 112/1250 [03:09<30:46,  1.62s/it]
Training 1/1 epoch (loss 0.6565):   9%|▉         | 112/1250 [03:10<30:46,  1.62s/it]
Training 1/1 epoch (loss 0.6565):   9%|▉         | 113/1250 [03:10<29:39,  1.57s/it]
Training 1/1 epoch (loss 0.6170):   9%|▉         | 113/1250 [03:12<29:39,  1.57s/it]
Training 1/1 epoch (loss 0.6170):   9%|▉         | 114/1250 [03:12<30:35,  1.62s/it]
Training 1/1 epoch (loss 1.3065):   9%|▉         | 114/1250 [03:13<30:35,  1.62s/it]
Training 1/1 epoch (loss 1.3065):   9%|▉         | 115/1250 [03:13<29:36,  1.57s/it]
Training 1/1 epoch (loss 0.6010):   9%|▉         | 115/1250 [03:15<29:36,  1.57s/it]
Training 1/1 epoch (loss 0.6010):   9%|▉         | 116/1250 [03:15<30:24,  1.61s/it]
Training 1/1 epoch (loss 0.8785):   9%|▉         | 116/1250 [03:17<30:24,  1.61s/it]
Training 1/1 epoch (loss 0.8785):   9%|▉         | 117/1250 [03:17<30:12,  1.60s/it]
Training 1/1 epoch (loss 0.7739):   9%|▉         | 117/1250 [03:19<30:12,  1.60s/it]
Training 1/1 epoch (loss 0.7739):   9%|▉         | 118/1250 [03:19<31:22,  1.66s/it]
Training 1/1 epoch (loss 0.9251):   9%|▉         | 118/1250 [03:20<31:22,  1.66s/it]
Training 1/1 epoch (loss 0.9251):  10%|▉         | 119/1250 [03:20<30:42,  1.63s/it][2025-05-26 17:16:35,313] [INFO] [logging.py:107:log_dist] [Rank 0] step=60, skipped=0, lr=[1.9764668444934853e-05, 1.9764668444934853e-05], mom=[[0.9, 0.95], [0.9, 0.95]]
[2025-05-26 17:16:35,314] [INFO] [timer.py:264:stop] epoch=0/micro_step=120/global_step=60, RunningAvgSamplesPerSec=3.9971219101352244, CurrSamplesPerSec=3.6215252839012186, MemAllocated=8.29GB, MaxMemAllocated=11.05GB

Training 1/1 epoch (loss 0.6809):  10%|▉         | 119/1250 [03:22<30:42,  1.63s/it]
Training 1/1 epoch (loss 0.6809):  10%|▉         | 120/1250 [03:22<31:40,  1.68s/it]
Training 1/1 epoch (loss 0.7107):  10%|▉         | 120/1250 [03:23<31:40,  1.68s/it]
Training 1/1 epoch (loss 0.7107):  10%|▉         | 121/1250 [03:23<30:13,  1.61s/it]
Training 1/1 epoch (loss 0.7867):  10%|▉         | 121/1250 [03:25<30:13,  1.61s/it]
Training 1/1 epoch (loss 0.7867):  10%|▉         | 122/1250 [03:25<30:39,  1.63s/it]
Training 1/1 epoch (loss 0.5212):  10%|▉         | 122/1250 [03:27<30:39,  1.63s/it]
Training 1/1 epoch (loss 0.5212):  10%|▉         | 123/1250 [03:27<29:32,  1.57s/it]
Training 1/1 epoch (loss 0.6207):  10%|▉         | 123/1250 [03:28<29:32,  1.57s/it]
Training 1/1 epoch (loss 0.6207):  10%|▉         | 124/1250 [03:28<30:12,  1.61s/it]
Training 1/1 epoch (loss 0.6928):  10%|▉         | 124/1250 [03:29<30:12,  1.61s/it]
Training 1/1 epoch (loss 0.6928):  10%|█         | 125/1250 [03:29<27:48,  1.48s/it]
Training 1/1 epoch (loss 0.5661):  10%|█         | 125/1250 [03:31<27:48,  1.48s/it]
Training 1/1 epoch (loss 0.5661):  10%|█         | 126/1250 [03:31<29:06,  1.55s/it]
Training 1/1 epoch (loss 0.5560):  10%|█         | 126/1250 [03:33<29:06,  1.55s/it]
Training 1/1 epoch (loss 0.5560):  10%|█         | 127/1250 [03:33<30:24,  1.62s/it]
Training 1/1 epoch (loss 0.6141):  10%|█         | 127/1250 [03:35<30:24,  1.62s/it]
Training 1/1 epoch (loss 0.6141):  10%|█         | 128/1250 [03:35<30:58,  1.66s/it]
Training 1/1 epoch (loss 0.9008):  10%|█         | 128/1250 [03:36<30:58,  1.66s/it]
Training 1/1 epoch (loss 0.9008):  10%|█         | 129/1250 [03:36<30:19,  1.62s/it]
Training 1/1 epoch (loss 1.4631):  10%|█         | 129/1250 [03:38<30:19,  1.62s/it]
Training 1/1 epoch (loss 1.4631):  10%|█         | 130/1250 [03:38<29:28,  1.58s/it]
Training 1/1 epoch (loss 1.6229):  10%|█         | 130/1250 [03:39<29:28,  1.58s/it]
Training 1/1 epoch (loss 1.6229):  10%|█         | 131/1250 [03:39<27:09,  1.46s/it]
Training 1/1 epoch (loss 0.5909):  10%|█         | 131/1250 [03:41<27:09,  1.46s/it]
Training 1/1 epoch (loss 0.5909):  11%|█         | 132/1250 [03:41<28:39,  1.54s/it]
Training 1/1 epoch (loss 0.8258):  11%|█         | 132/1250 [03:42<28:39,  1.54s/it]
Training 1/1 epoch (loss 0.8258):  11%|█         | 133/1250 [03:42<28:38,  1.54s/it]
Training 1/1 epoch (loss 0.5535):  11%|█         | 133/1250 [03:44<28:38,  1.54s/it]
Training 1/1 epoch (loss 0.5535):  11%|█         | 134/1250 [03:44<28:13,  1.52s/it]
Training 1/1 epoch (loss 0.6880):  11%|█         | 134/1250 [03:45<28:13,  1.52s/it]
Training 1/1 epoch (loss 0.6880):  11%|█         | 135/1250 [03:45<28:13,  1.52s/it]
Training 1/1 epoch (loss 0.6226):  11%|█         | 135/1250 [03:47<28:13,  1.52s/it]
Training 1/1 epoch (loss 0.6226):  11%|█         | 136/1250 [03:47<29:33,  1.59s/it]
Training 1/1 epoch (loss 0.7402):  11%|█         | 136/1250 [03:48<29:33,  1.59s/it]
Training 1/1 epoch (loss 0.7402):  11%|█         | 137/1250 [03:48<28:34,  1.54s/it]
Training 1/1 epoch (loss 0.6474):  11%|█         | 137/1250 [03:50<28:34,  1.54s/it]
Training 1/1 epoch (loss 0.6474):  11%|█         | 138/1250 [03:50<29:23,  1.59s/it]
Training 1/1 epoch (loss 0.7561):  11%|█         | 138/1250 [03:51<29:23,  1.59s/it]
Training 1/1 epoch (loss 0.7561):  11%|█         | 139/1250 [03:51<28:41,  1.55s/it][2025-05-26 17:17:06,558] [INFO] [logging.py:107:log_dist] [Rank 0] step=70, skipped=0, lr=[1.9640021902080523e-05, 1.9640021902080523e-05], mom=[[0.9, 0.95], [0.9, 0.95]]
[2025-05-26 17:17:06,559] [INFO] [timer.py:264:stop] epoch=0/micro_step=140/global_step=70, RunningAvgSamplesPerSec=4.0109307632659705, CurrSamplesPerSec=3.7857209801792364, MemAllocated=8.29GB, MaxMemAllocated=11.05GB

Training 1/1 epoch (loss 0.6585):  11%|█         | 139/1250 [03:53<28:41,  1.55s/it]
Training 1/1 epoch (loss 0.6585):  11%|█         | 140/1250 [03:53<29:52,  1.61s/it]
Training 1/1 epoch (loss 0.7403):  11%|█         | 140/1250 [03:55<29:52,  1.61s/it]
Training 1/1 epoch (loss 0.7403):  11%|█▏        | 141/1250 [03:55<29:09,  1.58s/it]
Training 1/1 epoch (loss 0.7155):  11%|█▏        | 141/1250 [03:56<29:09,  1.58s/it]
Training 1/1 epoch (loss 0.7155):  11%|█▏        | 142/1250 [03:56<30:21,  1.64s/it]
Training 1/1 epoch (loss 0.5557):  11%|█▏        | 142/1250 [03:58<30:21,  1.64s/it]
Training 1/1 epoch (loss 0.5557):  11%|█▏        | 143/1250 [03:58<29:59,  1.63s/it]
Training 1/1 epoch (loss 0.5902):  11%|█▏        | 143/1250 [04:00<29:59,  1.63s/it]
Training 1/1 epoch (loss 0.5902):  12%|█▏        | 144/1250 [04:00<30:48,  1.67s/it]
Training 1/1 epoch (loss 0.5528):  12%|█▏        | 144/1250 [04:01<30:48,  1.67s/it]
Training 1/1 epoch (loss 0.5528):  12%|█▏        | 145/1250 [04:01<29:49,  1.62s/it]
Training 1/1 epoch (loss 0.4934):  12%|█▏        | 145/1250 [04:03<29:49,  1.62s/it]
Training 1/1 epoch (loss 0.4934):  12%|█▏        | 146/1250 [04:03<30:26,  1.65s/it]
Training 1/1 epoch (loss 0.5352):  12%|█▏        | 146/1250 [04:04<30:26,  1.65s/it]
Training 1/1 epoch (loss 0.5352):  12%|█▏        | 147/1250 [04:04<28:08,  1.53s/it]
Training 1/1 epoch (loss 0.7849):  12%|█▏        | 147/1250 [04:06<28:08,  1.53s/it]
Training 1/1 epoch (loss 0.7849):  12%|█▏        | 148/1250 [04:06<29:55,  1.63s/it]
Training 1/1 epoch (loss 0.9494):  12%|█▏        | 148/1250 [04:08<29:55,  1.63s/it]
Training 1/1 epoch (loss 0.9494):  12%|█▏        | 149/1250 [04:08<29:04,  1.58s/it]
Training 1/1 epoch (loss 0.5057):  12%|█▏        | 149/1250 [04:09<29:04,  1.58s/it]
Training 1/1 epoch (loss 0.5057):  12%|█▏        | 150/1250 [04:09<29:46,  1.62s/it]
Training 1/1 epoch (loss 2.9105):  12%|█▏        | 150/1250 [04:11<29:46,  1.62s/it]
Training 1/1 epoch (loss 2.9105):  12%|█▏        | 151/1250 [04:11<28:47,  1.57s/it]
Training 1/1 epoch (loss 0.4717):  12%|█▏        | 151/1250 [04:13<28:47,  1.57s/it]
Training 1/1 epoch (loss 0.4717):  12%|█▏        | 152/1250 [04:13<29:40,  1.62s/it]
Training 1/1 epoch (loss 0.3340):  12%|█▏        | 152/1250 [04:14<29:40,  1.62s/it]
Training 1/1 epoch (loss 0.3340):  12%|█▏        | 153/1250 [04:14<28:43,  1.57s/it]
Training 1/1 epoch (loss 0.4536):  12%|█▏        | 153/1250 [04:16<28:43,  1.57s/it]
Training 1/1 epoch (loss 0.4536):  12%|█▏        | 154/1250 [04:16<29:29,  1.61s/it]
Training 1/1 epoch (loss 0.3725):  12%|█▏        | 154/1250 [04:17<29:29,  1.61s/it]
Training 1/1 epoch (loss 0.3725):  12%|█▏        | 155/1250 [04:17<28:42,  1.57s/it]
Training 1/1 epoch (loss 0.7640):  12%|█▏        | 155/1250 [04:19<28:42,  1.57s/it]
Training 1/1 epoch (loss 0.7640):  12%|█▏        | 156/1250 [04:19<29:11,  1.60s/it]
Training 1/1 epoch (loss 0.8224):  12%|█▏        | 156/1250 [04:21<29:11,  1.60s/it]
Training 1/1 epoch (loss 0.8224):  13%|█▎        | 157/1250 [04:21<30:06,  1.65s/it]
Training 1/1 epoch (loss 0.5319):  13%|█▎        | 157/1250 [04:22<30:06,  1.65s/it]
Training 1/1 epoch (loss 0.5319):  13%|█▎        | 158/1250 [04:22<30:29,  1.68s/it]
Training 1/1 epoch (loss 0.4819):  13%|█▎        | 158/1250 [04:24<30:29,  1.68s/it]
Training 1/1 epoch (loss 0.4819):  13%|█▎        | 159/1250 [04:24<29:13,  1.61s/it][2025-05-26 17:17:38,906] [INFO] [logging.py:107:log_dist] [Rank 0] step=80, skipped=0, lr=[1.9489558498214197e-05, 1.9489558498214197e-05], mom=[[0.9, 0.95], [0.9, 0.95]]
[2025-05-26 17:17:38,907] [INFO] [timer.py:264:stop] epoch=0/micro_step=160/global_step=80, RunningAvgSamplesPerSec=3.993649658586224, CurrSamplesPerSec=3.9356232588536493, MemAllocated=8.29GB, MaxMemAllocated=11.05GB

Training 1/1 epoch (loss 0.8183):  13%|█▎        | 159/1250 [04:26<29:13,  1.61s/it]
Training 1/1 epoch (loss 0.8183):  13%|█▎        | 160/1250 [04:26<29:58,  1.65s/it]
Training 1/1 epoch (loss 0.4858):  13%|█▎        | 160/1250 [04:27<29:58,  1.65s/it]
Training 1/1 epoch (loss 0.4858):  13%|█▎        | 161/1250 [04:27<28:48,  1.59s/it]
Training 1/1 epoch (loss 0.7646):  13%|█▎        | 161/1250 [04:29<28:48,  1.59s/it]
Training 1/1 epoch (loss 0.7646):  13%|█▎        | 162/1250 [04:29<29:19,  1.62s/it]
Training 1/1 epoch (loss 0.5733):  13%|█▎        | 162/1250 [04:30<29:19,  1.62s/it]
Training 1/1 epoch (loss 0.5733):  13%|█▎        | 163/1250 [04:30<28:17,  1.56s/it]
Training 1/1 epoch (loss 0.6176):  13%|█▎        | 163/1250 [04:32<28:17,  1.56s/it]
Training 1/1 epoch (loss 0.6176):  13%|█▎        | 164/1250 [04:32<29:06,  1.61s/it]
Training 1/1 epoch (loss 0.5754):  13%|█▎        | 164/1250 [04:33<29:06,  1.61s/it]
Training 1/1 epoch (loss 0.5754):  13%|█▎        | 165/1250 [04:33<28:09,  1.56s/it]
Training 1/1 epoch (loss 0.7138):  13%|█▎        | 165/1250 [04:35<28:09,  1.56s/it]
Training 1/1 epoch (loss 0.7138):  13%|█▎        | 166/1250 [04:35<28:49,  1.60s/it]
Training 1/1 epoch (loss 0.8879):  13%|█▎        | 166/1250 [04:36<28:49,  1.60s/it]
Training 1/1 epoch (loss 0.8879):  13%|█▎        | 167/1250 [04:36<27:59,  1.55s/it]
Training 1/1 epoch (loss 0.6782):  13%|█▎        | 167/1250 [04:38<27:59,  1.55s/it]
Training 1/1 epoch (loss 0.6782):  13%|█▎        | 168/1250 [04:38<28:42,  1.59s/it]
Training 1/1 epoch (loss 0.7605):  13%|█▎        | 168/1250 [04:40<28:42,  1.59s/it]
Training 1/1 epoch (loss 0.7605):  14%|█▎        | 169/1250 [04:40<27:53,  1.55s/it]
Training 1/1 epoch (loss 0.6582):  14%|█▎        | 169/1250 [04:41<27:53,  1.55s/it]
Training 1/1 epoch (loss 0.6582):  14%|█▎        | 170/1250 [04:41<28:41,  1.59s/it]
Training 1/1 epoch (loss 0.6572):  14%|█▎        | 170/1250 [04:43<28:41,  1.59s/it]
Training 1/1 epoch (loss 0.6572):  14%|█▎        | 171/1250 [04:43<27:54,  1.55s/it]
Training 1/1 epoch (loss 0.6879):  14%|█▎        | 171/1250 [04:44<27:54,  1.55s/it]
Training 1/1 epoch (loss 0.6879):  14%|█▍        | 172/1250 [04:44<28:55,  1.61s/it]
Training 1/1 epoch (loss 0.7976):  14%|█▍        | 172/1250 [04:46<28:55,  1.61s/it]
Training 1/1 epoch (loss 0.7976):  14%|█▍        | 173/1250 [04:46<30:00,  1.67s/it]
Training 1/1 epoch (loss 0.6141):  14%|█▍        | 173/1250 [04:48<30:00,  1.67s/it]
Training 1/1 epoch (loss 0.6141):  14%|█▍        | 174/1250 [04:48<30:21,  1.69s/it]
Training 1/1 epoch (loss 0.6655):  14%|█▍        | 174/1250 [04:49<30:21,  1.69s/it]
Training 1/1 epoch (loss 0.6655):  14%|█▍        | 175/1250 [04:49<27:49,  1.55s/it]
Training 1/1 epoch (loss 0.4486):  14%|█▍        | 175/1250 [04:51<27:49,  1.55s/it]
Training 1/1 epoch (loss 0.4486):  14%|█▍        | 176/1250 [04:51<28:46,  1.61s/it]
Training 1/1 epoch (loss 0.6573):  14%|█▍        | 176/1250 [04:52<28:46,  1.61s/it]
Training 1/1 epoch (loss 0.6573):  14%|█▍        | 177/1250 [04:52<28:05,  1.57s/it]
Training 1/1 epoch (loss 0.5200):  14%|█▍        | 177/1250 [04:54<28:05,  1.57s/it]
Training 1/1 epoch (loss 0.5200):  14%|█▍        | 178/1250 [04:54<29:05,  1.63s/it]
Training 1/1 epoch (loss 0.6167):  14%|█▍        | 178/1250 [04:56<29:05,  1.63s/it]
Training 1/1 epoch (loss 0.6167):  14%|█▍        | 179/1250 [04:56<28:06,  1.57s/it][2025-05-26 17:18:10,464] [INFO] [logging.py:107:log_dist] [Rank 0] step=90, skipped=0, lr=[1.931368118810346e-05, 1.931368118810346e-05], mom=[[0.9, 0.95], [0.9, 0.95]]
[2025-05-26 17:18:10,465] [INFO] [timer.py:264:stop] epoch=0/micro_step=180/global_step=90, RunningAvgSamplesPerSec=3.9957628423809477, CurrSamplesPerSec=4.519856132887218, MemAllocated=8.29GB, MaxMemAllocated=11.05GB

Training 1/1 epoch (loss 0.3878):  14%|█▍        | 179/1250 [04:57<28:06,  1.57s/it]
Training 1/1 epoch (loss 0.3878):  14%|█▍        | 180/1250 [04:57<27:18,  1.53s/it]
Training 1/1 epoch (loss 0.5647):  14%|█▍        | 180/1250 [04:59<27:18,  1.53s/it]
Training 1/1 epoch (loss 0.5647):  14%|█▍        | 181/1250 [04:59<29:09,  1.64s/it]
Training 1/1 epoch (loss 0.2014):  14%|█▍        | 181/1250 [05:01<29:09,  1.64s/it]
Training 1/1 epoch (loss 0.2014):  15%|█▍        | 182/1250 [05:01<29:25,  1.65s/it]
Training 1/1 epoch (loss 0.3657):  15%|█▍        | 182/1250 [05:02<29:25,  1.65s/it]
Training 1/1 epoch (loss 0.3657):  15%|█▍        | 183/1250 [05:02<28:13,  1.59s/it]
Training 1/1 epoch (loss 1.4704):  15%|█▍        | 183/1250 [05:04<28:13,  1.59s/it]
Training 1/1 epoch (loss 1.4704):  15%|█▍        | 184/1250 [05:04<28:49,  1.62s/it]
Training 1/1 epoch (loss 0.6500):  15%|█▍        | 184/1250 [05:05<28:49,  1.62s/it]
Training 1/1 epoch (loss 0.6500):  15%|█▍        | 185/1250 [05:05<26:32,  1.50s/it]
Training 1/1 epoch (loss 0.5789):  15%|█▍        | 185/1250 [05:07<26:32,  1.50s/it]
Training 1/1 epoch (loss 0.5789):  15%|█▍        | 186/1250 [05:07<27:31,  1.55s/it]
Training 1/1 epoch (loss 0.9578):  15%|█▍        | 186/1250 [05:09<27:31,  1.55s/it]
Training 1/1 epoch (loss 0.9578):  15%|█▍        | 187/1250 [05:09<29:09,  1.65s/it]
Training 1/1 epoch (loss 1.1471):  15%|█▍        | 187/1250 [05:11<29:09,  1.65s/it]
Training 1/1 epoch (loss 1.1471):  15%|█▌        | 188/1250 [05:11<32:38,  1.84s/it]
Training 1/1 epoch (loss 0.9799):  15%|█▌        | 188/1250 [05:13<32:38,  1.84s/it]
Training 1/1 epoch (loss 0.9799):  15%|█▌        | 189/1250 [05:13<33:12,  1.88s/it]
Training 1/1 epoch (loss 0.4973):  15%|█▌        | 189/1250 [05:15<33:12,  1.88s/it]
Training 1/1 epoch (loss 0.4973):  15%|█▌        | 190/1250 [05:15<34:18,  1.94s/it]
Training 1/1 epoch (loss 1.0884):  15%|█▌        | 190/1250 [05:17<34:18,  1.94s/it]
Training 1/1 epoch (loss 1.0884):  15%|█▌        | 191/1250 [05:17<33:46,  1.91s/it]
Training 1/1 epoch (loss 0.8683):  15%|█▌        | 191/1250 [05:19<33:46,  1.91s/it]
Training 1/1 epoch (loss 0.8683):  15%|█▌        | 192/1250 [05:19<34:40,  1.97s/it]
Training 1/1 epoch (loss 0.8128):  15%|█▌        | 192/1250 [05:21<34:40,  1.97s/it]
Training 1/1 epoch (loss 0.8128):  15%|█▌        | 193/1250 [05:21<33:57,  1.93s/it]
Training 1/1 epoch (loss 1.1185):  15%|█▌        | 193/1250 [05:23<33:57,  1.93s/it]
Training 1/1 epoch (loss 1.1185):  16%|█▌        | 194/1250 [05:23<35:03,  1.99s/it]
Training 1/1 epoch (loss 0.9828):  16%|█▌        | 194/1250 [05:24<35:03,  1.99s/it]
Training 1/1 epoch (loss 0.9828):  16%|█▌        | 195/1250 [05:24<31:11,  1.77s/it]
Training 1/1 epoch (loss 0.7211):  16%|█▌        | 195/1250 [05:26<31:11,  1.77s/it]
Training 1/1 epoch (loss 0.7211):  16%|█▌        | 196/1250 [05:26<31:19,  1.78s/it]
Training 1/1 epoch (loss 0.5781):  16%|█▌        | 196/1250 [05:27<31:19,  1.78s/it]
Training 1/1 epoch (loss 0.5781):  16%|█▌        | 197/1250 [05:27<30:16,  1.73s/it]
Training 1/1 epoch (loss 0.6699):  16%|█▌        | 197/1250 [05:29<30:16,  1.73s/it]
Training 1/1 epoch (loss 0.6699):  16%|█▌        | 198/1250 [05:29<30:40,  1.75s/it]
Training 1/1 epoch (loss 0.6337):  16%|█▌        | 198/1250 [05:31<30:40,  1.75s/it]
Training 1/1 epoch (loss 0.6337):  16%|█▌        | 199/1250 [05:31<29:54,  1.71s/it][2025-05-26 17:18:46,013] [INFO] [logging.py:107:log_dist] [Rank 0] step=100, skipped=0, lr=[1.911286098728296e-05, 1.911286098728296e-05], mom=[[0.9, 0.95], [0.9, 0.95]]
[2025-05-26 17:18:46,015] [INFO] [timer.py:264:stop] epoch=0/micro_step=200/global_step=100, RunningAvgSamplesPerSec=3.9845922372190437, CurrSamplesPerSec=3.693423918949678, MemAllocated=8.29GB, MaxMemAllocated=11.05GB

Training 1/1 epoch (loss 0.6078):  16%|█▌        | 199/1250 [05:33<29:54,  1.71s/it]
Training 1/1 epoch (loss 0.6078):  16%|█▌        | 200/1250 [05:33<31:40,  1.81s/it]
Training 1/1 epoch (loss 0.5931):  16%|█▌        | 200/1250 [05:34<31:40,  1.81s/it]
Training 1/1 epoch (loss 0.5931):  16%|█▌        | 201/1250 [05:34<28:37,  1.64s/it]
Training 1/1 epoch (loss 0.8455):  16%|█▌        | 201/1250 [05:36<28:37,  1.64s/it]
Training 1/1 epoch (loss 0.8455):  16%|█▌        | 202/1250 [05:36<30:08,  1.73s/it]
Training 1/1 epoch (loss 0.6039):  16%|█▌        | 202/1250 [05:38<30:08,  1.73s/it]
Training 1/1 epoch (loss 0.6039):  16%|█▌        | 203/1250 [05:38<28:46,  1.65s/it]
Training 1/1 epoch (loss 0.6740):  16%|█▌        | 203/1250 [05:39<28:46,  1.65s/it]
Training 1/1 epoch (loss 0.6740):  16%|█▋        | 204/1250 [05:39<29:08,  1.67s/it]
Training 1/1 epoch (loss 0.6575):  16%|█▋        | 204/1250 [05:41<29:08,  1.67s/it]
Training 1/1 epoch (loss 0.6575):  16%|█▋        | 205/1250 [05:41<27:57,  1.61s/it]
Training 1/1 epoch (loss 0.5461):  16%|█▋        | 205/1250 [05:43<27:57,  1.61s/it]
Training 1/1 epoch (loss 0.5461):  16%|█▋        | 206/1250 [05:43<29:25,  1.69s/it]
Training 1/1 epoch (loss 0.6330):  16%|█▋        | 206/1250 [05:44<29:25,  1.69s/it]
Training 1/1 epoch (loss 0.6330):  17%|█▋        | 207/1250 [05:44<28:26,  1.64s/it]
Training 1/1 epoch (loss 0.6275):  17%|█▋        | 207/1250 [05:46<28:26,  1.64s/it]
Training 1/1 epoch (loss 0.6275):  17%|█▋        | 208/1250 [05:46<28:52,  1.66s/it]
Training 1/1 epoch (loss 0.6526):  17%|█▋        | 208/1250 [05:47<28:52,  1.66s/it]
Training 1/1 epoch (loss 0.6526):  17%|█▋        | 209/1250 [05:47<27:44,  1.60s/it]
Training 1/1 epoch (loss 0.5267):  17%|█▋        | 209/1250 [05:49<27:44,  1.60s/it]
Training 1/1 epoch (loss 0.5267):  17%|█▋        | 210/1250 [05:49<28:43,  1.66s/it]
Training 1/1 epoch (loss 0.7784):  17%|█▋        | 210/1250 [05:51<28:43,  1.66s/it]
Training 1/1 epoch (loss 0.7784):  17%|█▋        | 211/1250 [05:51<27:42,  1.60s/it]
Training 1/1 epoch (loss 0.5305):  17%|█▋        | 211/1250 [05:52<27:42,  1.60s/it]
Training 1/1 epoch (loss 0.5305):  17%|█▋        | 212/1250 [05:52<28:14,  1.63s/it]
Training 1/1 epoch (loss 0.8242):  17%|█▋        | 212/1250 [05:54<28:14,  1.63s/it]
Training 1/1 epoch (loss 0.8242):  17%|█▋        | 213/1250 [05:54<27:28,  1.59s/it]
Training 1/1 epoch (loss 0.8139):  17%|█▋        | 213/1250 [05:56<27:28,  1.59s/it]
Training 1/1 epoch (loss 0.8139):  17%|█▋        | 214/1250 [05:56<28:26,  1.65s/it]
Training 1/1 epoch (loss 0.7344):  17%|█▋        | 214/1250 [05:57<28:26,  1.65s/it]
Training 1/1 epoch (loss 0.7344):  17%|█▋        | 215/1250 [05:57<27:04,  1.57s/it]
Training 1/1 epoch (loss 0.5745):  17%|█▋        | 215/1250 [05:59<27:04,  1.57s/it]
Training 1/1 epoch (loss 0.5745):  17%|█▋        | 216/1250 [05:59<28:17,  1.64s/it]
Training 1/1 epoch (loss 0.5053):  17%|█▋        | 216/1250 [06:00<28:17,  1.64s/it]
Training 1/1 epoch (loss 0.5053):  17%|█▋        | 217/1250 [06:00<27:17,  1.58s/it]
Training 1/1 epoch (loss 0.8981):  17%|█▋        | 217/1250 [06:02<27:17,  1.58s/it]
Training 1/1 epoch (loss 0.8981):  17%|█▋        | 218/1250 [06:02<28:00,  1.63s/it]
Training 1/1 epoch (loss 0.6398):  17%|█▋        | 218/1250 [06:03<28:00,  1.63s/it]
Training 1/1 epoch (loss 0.6398):  18%|█▊        | 219/1250 [06:03<27:19,  1.59s/it][2025-05-26 17:19:18,574] [INFO] [logging.py:107:log_dist] [Rank 0] step=110, skipped=0, lr=[1.8887635710631716e-05, 1.8887635710631716e-05], mom=[[0.9, 0.95], [0.9, 0.95]]
[2025-05-26 17:19:18,575] [INFO] [timer.py:264:stop] epoch=0/micro_step=220/global_step=110, RunningAvgSamplesPerSec=3.9845303696752805, CurrSamplesPerSec=3.835096759665523, MemAllocated=8.29GB, MaxMemAllocated=11.05GB

Training 1/1 epoch (loss 0.3690):  18%|█▊        | 219/1250 [06:05<27:19,  1.59s/it]
Training 1/1 epoch (loss 0.3690):  18%|█▊        | 220/1250 [06:05<28:26,  1.66s/it]
Training 1/1 epoch (loss 0.6688):  18%|█▊        | 220/1250 [06:07<28:26,  1.66s/it]
Training 1/1 epoch (loss 0.6688):  18%|█▊        | 221/1250 [06:07<27:35,  1.61s/it]
Training 1/1 epoch (loss 0.7810):  18%|█▊        | 221/1250 [06:09<27:35,  1.61s/it]
Training 1/1 epoch (loss 0.7810):  18%|█▊        | 222/1250 [06:09<28:41,  1.67s/it]
Training 1/1 epoch (loss 0.6245):  18%|█▊        | 222/1250 [06:10<28:41,  1.67s/it]
Training 1/1 epoch (loss 0.6245):  18%|█▊        | 223/1250 [06:10<26:25,  1.54s/it]
Training 1/1 epoch (loss 0.9664):  18%|█▊        | 223/1250 [06:12<26:25,  1.54s/it]
Training 1/1 epoch (loss 0.9664):  18%|█▊        | 224/1250 [06:12<27:54,  1.63s/it]
Training 1/1 epoch (loss 0.7380):  18%|█▊        | 224/1250 [06:13<27:54,  1.63s/it]
Training 1/1 epoch (loss 0.7380):  18%|█▊        | 225/1250 [06:13<26:54,  1.58s/it]
Training 1/1 epoch (loss 0.8878):  18%|█▊        | 225/1250 [06:15<26:54,  1.58s/it]
Training 1/1 epoch (loss 0.8878):  18%|█▊        | 226/1250 [06:15<27:25,  1.61s/it]
Training 1/1 epoch (loss 0.5855):  18%|█▊        | 226/1250 [06:16<27:25,  1.61s/it]
Training 1/1 epoch (loss 0.5855):  18%|█▊        | 227/1250 [06:16<26:44,  1.57s/it]
Training 1/1 epoch (loss 0.6389):  18%|█▊        | 227/1250 [06:18<26:44,  1.57s/it]
Training 1/1 epoch (loss 0.6389):  18%|█▊        | 228/1250 [06:18<27:37,  1.62s/it]
Training 1/1 epoch (loss 0.6852):  18%|█▊        | 228/1250 [06:19<27:37,  1.62s/it]
Training 1/1 epoch (loss 0.6852):  18%|█▊        | 229/1250 [06:19<26:36,  1.56s/it]
Training 1/1 epoch (loss 0.5197):  18%|█▊        | 229/1250 [06:21<26:36,  1.56s/it]
Training 1/1 epoch (loss 0.5197):  18%|█▊        | 230/1250 [06:21<27:57,  1.64s/it]
Training 1/1 epoch (loss 0.6336):  18%|█▊        | 230/1250 [06:23<27:57,  1.64s/it]
Training 1/1 epoch (loss 0.6336):  18%|█▊        | 231/1250 [06:23<26:54,  1.58s/it]
Training 1/1 epoch (loss 0.6628):  18%|█▊        | 231/1250 [06:24<26:54,  1.58s/it]
Training 1/1 epoch (loss 0.6628):  19%|█▊        | 232/1250 [06:24<27:19,  1.61s/it]
Training 1/1 epoch (loss 0.5320):  19%|█▊        | 232/1250 [06:26<27:19,  1.61s/it]
Training 1/1 epoch (loss 0.5320):  19%|█▊        | 233/1250 [06:26<26:18,  1.55s/it]
Training 1/1 epoch (loss 0.6013):  19%|█▊        | 233/1250 [06:28<26:18,  1.55s/it]
Training 1/1 epoch (loss 0.6013):  19%|█▊        | 234/1250 [06:28<26:59,  1.59s/it]
Training 1/1 epoch (loss 0.6203):  19%|█▊        | 234/1250 [06:29<26:59,  1.59s/it]
Training 1/1 epoch (loss 0.6203):  19%|█▉        | 235/1250 [06:29<26:11,  1.55s/it]
Training 1/1 epoch (loss 0.8096):  19%|█▉        | 235/1250 [06:31<26:11,  1.55s/it]
Training 1/1 epoch (loss 0.8096):  19%|█▉        | 236/1250 [06:31<26:55,  1.59s/it]
Training 1/1 epoch (loss 0.6148):  19%|█▉        | 236/1250 [06:32<26:55,  1.59s/it]
Training 1/1 epoch (loss 0.6148):  19%|█▉        | 237/1250 [06:32<26:04,  1.54s/it]
Training 1/1 epoch (loss 0.5619):  19%|█▉        | 237/1250 [06:34<26:04,  1.54s/it]
Training 1/1 epoch (loss 0.5619):  19%|█▉        | 238/1250 [06:34<26:46,  1.59s/it]
Training 1/1 epoch (loss 0.4900):  19%|█▉        | 238/1250 [06:35<26:46,  1.59s/it]
Training 1/1 epoch (loss 0.4900):  19%|█▉        | 239/1250 [06:35<26:09,  1.55s/it][2025-05-26 17:19:50,316] [INFO] [logging.py:107:log_dist] [Rank 0] step=120, skipped=0, lr=[1.8638608532055635e-05, 1.8638608532055635e-05], mom=[[0.9, 0.95], [0.9, 0.95]]
[2025-05-26 17:19:50,317] [INFO] [timer.py:264:stop] epoch=0/micro_step=240/global_step=120, RunningAvgSamplesPerSec=3.9883243524668535, CurrSamplesPerSec=3.88479410417873, MemAllocated=8.29GB, MaxMemAllocated=11.05GB

Training 1/1 epoch (loss 0.6017):  19%|█▉        | 239/1250 [06:37<26:09,  1.55s/it]
Training 1/1 epoch (loss 0.6017):  19%|█▉        | 240/1250 [06:37<26:58,  1.60s/it]
Training 1/1 epoch (loss 0.7155):  19%|█▉        | 240/1250 [06:38<26:58,  1.60s/it]
Training 1/1 epoch (loss 0.7155):  19%|█▉        | 241/1250 [06:38<26:03,  1.55s/it]
Training 1/1 epoch (loss 0.4081):  19%|█▉        | 241/1250 [06:40<26:03,  1.55s/it]
Training 1/1 epoch (loss 0.4081):  19%|█▉        | 242/1250 [06:40<26:42,  1.59s/it]
Training 1/1 epoch (loss 0.9775):  19%|█▉        | 242/1250 [06:41<26:42,  1.59s/it]
Training 1/1 epoch (loss 0.9775):  19%|█▉        | 243/1250 [06:41<25:48,  1.54s/it]
Training 1/1 epoch (loss 1.6288):  19%|█▉        | 243/1250 [06:43<25:48,  1.54s/it]
Training 1/1 epoch (loss 1.6288):  20%|█▉        | 244/1250 [06:43<26:28,  1.58s/it]
Training 1/1 epoch (loss 0.6707):  20%|█▉        | 244/1250 [06:45<26:28,  1.58s/it]
Training 1/1 epoch (loss 0.6707):  20%|█▉        | 245/1250 [06:45<25:37,  1.53s/it]
Training 1/1 epoch (loss 0.7211):  20%|█▉        | 245/1250 [06:46<25:37,  1.53s/it]
Training 1/1 epoch (loss 0.7211):  20%|█▉        | 246/1250 [06:46<25:56,  1.55s/it]
Training 1/1 epoch (loss 0.4531):  20%|█▉        | 246/1250 [06:48<25:56,  1.55s/it]
Training 1/1 epoch (loss 0.4531):  20%|█▉        | 247/1250 [06:48<25:31,  1.53s/it]
Training 1/1 epoch (loss 0.3025):  20%|█▉        | 247/1250 [06:49<25:31,  1.53s/it]
Training 1/1 epoch (loss 0.3025):  20%|█▉        | 248/1250 [06:49<25:55,  1.55s/it]
Training 1/1 epoch (loss 1.7006):  20%|█▉        | 248/1250 [06:51<25:55,  1.55s/it]
Training 1/1 epoch (loss 1.7006):  20%|█▉        | 249/1250 [06:51<25:40,  1.54s/it]
Training 1/1 epoch (loss 1.2547):  20%|█▉        | 249/1250 [06:53<25:40,  1.54s/it]
Training 1/1 epoch (loss 1.2547):  20%|██        | 250/1250 [06:53<26:57,  1.62s/it]
Training 1/1 epoch (loss 1.2577):  20%|██        | 250/1250 [06:54<26:57,  1.62s/it]
Training 1/1 epoch (loss 1.2577):  20%|██        | 251/1250 [06:54<26:19,  1.58s/it]
Training 1/1 epoch (loss 0.3330):  20%|██        | 251/1250 [06:56<26:19,  1.58s/it]
Training 1/1 epoch (loss 0.3330):  20%|██        | 252/1250 [06:56<26:52,  1.62s/it]
Training 1/1 epoch (loss 0.6832):  20%|██        | 252/1250 [06:57<26:52,  1.62s/it]
Training 1/1 epoch (loss 0.6832):  20%|██        | 253/1250 [06:57<25:49,  1.55s/it]
Training 1/1 epoch (loss 0.6611):  20%|██        | 253/1250 [06:59<25:49,  1.55s/it]
Training 1/1 epoch (loss 0.6611):  20%|██        | 254/1250 [06:59<26:36,  1.60s/it]
Training 1/1 epoch (loss 0.8239):  20%|██        | 254/1250 [07:00<26:36,  1.60s/it]
Training 1/1 epoch (loss 0.8239):  20%|██        | 255/1250 [07:00<25:33,  1.54s/it]
Training 1/1 epoch (loss 0.7973):  20%|██        | 255/1250 [07:02<25:33,  1.54s/it]
Training 1/1 epoch (loss 0.7973):  20%|██        | 256/1250 [07:02<26:15,  1.59s/it]
Training 1/1 epoch (loss 0.5918):  20%|██        | 256/1250 [07:03<26:15,  1.59s/it]
Training 1/1 epoch (loss 0.5918):  21%|██        | 257/1250 [07:03<25:28,  1.54s/it]
Training 1/1 epoch (loss 0.5838):  21%|██        | 257/1250 [07:05<25:28,  1.54s/it]
Training 1/1 epoch (loss 0.5838):  21%|██        | 258/1250 [07:05<26:12,  1.58s/it]
Training 1/1 epoch (loss 0.6417):  21%|██        | 258/1250 [07:06<26:12,  1.58s/it]
Training 1/1 epoch (loss 0.6417):  21%|██        | 259/1250 [07:07<25:20,  1.53s/it][2025-05-26 17:20:21,567] [INFO] [logging.py:107:log_dist] [Rank 0] step=130, skipped=0, lr=[1.836644636913258e-05, 1.836644636913258e-05], mom=[[0.9, 0.95], [0.9, 0.95]]
[2025-05-26 17:20:21,568] [INFO] [timer.py:264:stop] epoch=0/micro_step=260/global_step=130, RunningAvgSamplesPerSec=3.9971940545035363, CurrSamplesPerSec=4.008883518789849, MemAllocated=8.29GB, MaxMemAllocated=11.05GB

Training 1/1 epoch (loss 0.5949):  21%|██        | 259/1250 [07:08<25:20,  1.53s/it]
Training 1/1 epoch (loss 0.5949):  21%|██        | 260/1250 [07:08<26:07,  1.58s/it]
Training 1/1 epoch (loss 0.5706):  21%|██        | 260/1250 [07:10<26:07,  1.58s/it]
Training 1/1 epoch (loss 0.5706):  21%|██        | 261/1250 [07:10<25:34,  1.55s/it]
Training 1/1 epoch (loss 0.7976):  21%|██        | 261/1250 [07:11<25:34,  1.55s/it]
Training 1/1 epoch (loss 0.7976):  21%|██        | 262/1250 [07:11<26:09,  1.59s/it]
Training 1/1 epoch (loss 0.7240):  21%|██        | 262/1250 [07:13<26:09,  1.59s/it]
Training 1/1 epoch (loss 0.7240):  21%|██        | 263/1250 [07:13<25:20,  1.54s/it]
Training 1/1 epoch (loss 0.7643):  21%|██        | 263/1250 [07:14<25:20,  1.54s/it]
Training 1/1 epoch (loss 0.7643):  21%|██        | 264/1250 [07:14<24:59,  1.52s/it]
Training 1/1 epoch (loss 0.6737):  21%|██        | 264/1250 [07:16<24:59,  1.52s/it]
Training 1/1 epoch (loss 0.6737):  21%|██        | 265/1250 [07:16<24:41,  1.50s/it]
Training 1/1 epoch (loss 0.5848):  21%|██        | 265/1250 [07:17<24:41,  1.50s/it]
Training 1/1 epoch (loss 0.5848):  21%|██▏       | 266/1250 [07:17<25:37,  1.56s/it]
Training 1/1 epoch (loss 0.6740):  21%|██▏       | 266/1250 [07:19<25:37,  1.56s/it]
Training 1/1 epoch (loss 0.6740):  21%|██▏       | 267/1250 [07:19<25:03,  1.53s/it]
Training 1/1 epoch (loss 0.5812):  21%|██▏       | 267/1250 [07:20<25:03,  1.53s/it]
Training 1/1 epoch (loss 0.5812):  21%|██▏       | 268/1250 [07:20<24:44,  1.51s/it]
Training 1/1 epoch (loss 0.6924):  21%|██▏       | 268/1250 [07:22<24:44,  1.51s/it]
Training 1/1 epoch (loss 0.6924):  22%|██▏       | 269/1250 [07:22<24:23,  1.49s/it]
Training 1/1 epoch (loss 0.6335):  22%|██▏       | 269/1250 [07:23<24:23,  1.49s/it]
Training 1/1 epoch (loss 0.6335):  22%|██▏       | 270/1250 [07:23<25:17,  1.55s/it]
Training 1/1 epoch (loss 0.6172):  22%|██▏       | 270/1250 [07:25<25:17,  1.55s/it]
Training 1/1 epoch (loss 0.6172):  22%|██▏       | 271/1250 [07:25<23:19,  1.43s/it]
Training 1/1 epoch (loss 0.6682):  22%|██▏       | 271/1250 [07:26<23:19,  1.43s/it]
Training 1/1 epoch (loss 0.6682):  22%|██▏       | 272/1250 [07:26<24:30,  1.50s/it]
Training 1/1 epoch (loss 0.7139):  22%|██▏       | 272/1250 [07:28<24:30,  1.50s/it]
Training 1/1 epoch (loss 0.7139):  22%|██▏       | 273/1250 [07:28<23:48,  1.46s/it]
Training 1/1 epoch (loss 0.5622):  22%|██▏       | 273/1250 [07:29<23:48,  1.46s/it]
Training 1/1 epoch (loss 0.5622):  22%|██▏       | 274/1250 [07:29<24:59,  1.54s/it]
Training 1/1 epoch (loss 0.7381):  22%|██▏       | 274/1250 [07:31<24:59,  1.54s/it]
Training 1/1 epoch (loss 0.7381):  22%|██▏       | 275/1250 [07:31<24:43,  1.52s/it]
Training 1/1 epoch (loss 0.7183):  22%|██▏       | 275/1250 [07:33<24:43,  1.52s/it]
Training 1/1 epoch (loss 0.7183):  22%|██▏       | 276/1250 [07:33<25:25,  1.57s/it]
Training 1/1 epoch (loss 0.5638):  22%|██▏       | 276/1250 [07:34<25:25,  1.57s/it]
Training 1/1 epoch (loss 0.5638):  22%|██▏       | 277/1250 [07:34<24:51,  1.53s/it]
Training 1/1 epoch (loss 0.5417):  22%|██▏       | 277/1250 [07:36<24:51,  1.53s/it]
Training 1/1 epoch (loss 0.5417):  22%|██▏       | 278/1250 [07:36<25:55,  1.60s/it]
Training 1/1 epoch (loss 0.8315):  22%|██▏       | 278/1250 [07:37<25:55,  1.60s/it]
Training 1/1 epoch (loss 0.8315):  22%|██▏       | 279/1250 [07:37<25:23,  1.57s/it][2025-05-26 17:20:52,043] [INFO] [logging.py:107:log_dist] [Rank 0] step=140, skipped=0, lr=[1.8071878097046064e-05, 1.8071878097046064e-05], mom=[[0.9, 0.95], [0.9, 0.95]]
[2025-05-26 17:20:52,044] [INFO] [timer.py:264:stop] epoch=0/micro_step=280/global_step=140, RunningAvgSamplesPerSec=4.009611381083766, CurrSamplesPerSec=4.397312993160951, MemAllocated=8.29GB, MaxMemAllocated=11.05GB

Training 1/1 epoch (loss 0.8301):  22%|██▏       | 279/1250 [07:39<25:23,  1.57s/it]
Training 1/1 epoch (loss 0.8301):  22%|██▏       | 280/1250 [07:39<24:44,  1.53s/it]
Training 1/1 epoch (loss 0.5379):  22%|██▏       | 280/1250 [07:40<24:44,  1.53s/it]
Training 1/1 epoch (loss 0.5379):  22%|██▏       | 281/1250 [07:40<24:16,  1.50s/it]
Training 1/1 epoch (loss 0.5347):  22%|██▏       | 281/1250 [07:42<24:16,  1.50s/it]
Training 1/1 epoch (loss 0.5347):  23%|██▎       | 282/1250 [07:42<25:10,  1.56s/it]
Training 1/1 epoch (loss 0.9976):  23%|██▎       | 282/1250 [07:43<25:10,  1.56s/it]
Training 1/1 epoch (loss 0.9976):  23%|██▎       | 283/1250 [07:43<24:44,  1.54s/it]
Training 1/1 epoch (loss 0.3115):  23%|██▎       | 283/1250 [07:45<24:44,  1.54s/it]
Training 1/1 epoch (loss 0.3115):  23%|██▎       | 284/1250 [07:45<25:45,  1.60s/it]
Training 1/1 epoch (loss 0.7134):  23%|██▎       | 284/1250 [07:46<25:45,  1.60s/it]
Training 1/1 epoch (loss 0.7134):  23%|██▎       | 285/1250 [07:46<24:58,  1.55s/it]
Training 1/1 epoch (loss 0.9278):  23%|██▎       | 285/1250 [07:48<24:58,  1.55s/it]
Training 1/1 epoch (loss 0.9278):  23%|██▎       | 286/1250 [07:48<25:33,  1.59s/it]
Training 1/1 epoch (loss 0.7189):  23%|██▎       | 286/1250 [07:50<25:33,  1.59s/it]
Training 1/1 epoch (loss 0.7189):  23%|██▎       | 287/1250 [07:50<24:55,  1.55s/it]
Training 1/1 epoch (loss 0.6269):  23%|██▎       | 287/1250 [07:51<24:55,  1.55s/it]
Training 1/1 epoch (loss 0.6269):  23%|██▎       | 288/1250 [07:51<25:48,  1.61s/it]
Training 1/1 epoch (loss 0.3906):  23%|██▎       | 288/1250 [07:53<25:48,  1.61s/it]
Training 1/1 epoch (loss 0.3906):  23%|██▎       | 289/1250 [07:53<25:19,  1.58s/it]
Training 1/1 epoch (loss 0.7011):  23%|██▎       | 289/1250 [07:55<25:19,  1.58s/it]
Training 1/1 epoch (loss 0.7011):  23%|██▎       | 290/1250 [07:55<26:11,  1.64s/it]
Training 1/1 epoch (loss 0.4275):  23%|██▎       | 290/1250 [07:56<26:11,  1.64s/it]
Training 1/1 epoch (loss 0.4275):  23%|██▎       | 291/1250 [07:56<25:44,  1.61s/it]
Training 1/1 epoch (loss 0.8643):  23%|██▎       | 291/1250 [07:58<25:44,  1.61s/it]
Training 1/1 epoch (loss 0.8643):  23%|██▎       | 292/1250 [07:58<26:29,  1.66s/it]
Training 1/1 epoch (loss 0.6399):  23%|██▎       | 292/1250 [07:59<26:29,  1.66s/it]
Training 1/1 epoch (loss 0.6399):  23%|██▎       | 293/1250 [07:59<25:05,  1.57s/it]
Training 1/1 epoch (loss 0.3734):  23%|██▎       | 293/1250 [08:01<25:05,  1.57s/it]
Training 1/1 epoch (loss 0.3734):  24%|██▎       | 294/1250 [08:01<26:02,  1.63s/it]
Training 1/1 epoch (loss 1.0073):  24%|██▎       | 294/1250 [08:03<26:02,  1.63s/it]
Training 1/1 epoch (loss 1.0073):  24%|██▎       | 295/1250 [08:03<25:04,  1.58s/it]
Training 1/1 epoch (loss 0.5954):  24%|██▎       | 295/1250 [08:04<25:04,  1.58s/it]
Training 1/1 epoch (loss 0.5954):  24%|██▎       | 296/1250 [08:04<25:51,  1.63s/it]
Training 1/1 epoch (loss 0.3032):  24%|██▎       | 296/1250 [08:06<25:51,  1.63s/it]
Training 1/1 epoch (loss 0.3032):  24%|██▍       | 297/1250 [08:06<24:59,  1.57s/it]
Training 1/1 epoch (loss 0.4605):  24%|██▍       | 297/1250 [08:07<24:59,  1.57s/it]
Training 1/1 epoch (loss 0.4605):  24%|██▍       | 298/1250 [08:07<25:39,  1.62s/it]
Training 1/1 epoch (loss 0.4777):  24%|██▍       | 298/1250 [08:09<25:39,  1.62s/it]
Training 1/1 epoch (loss 0.4777):  24%|██▍       | 299/1250 [08:09<24:51,  1.57s/it][2025-05-26 17:21:23,977] [INFO] [logging.py:107:log_dist] [Rank 0] step=150, skipped=0, lr=[1.7755692596590778e-05, 1.7755692596590778e-05], mom=[[0.9, 0.95], [0.9, 0.95]]
[2025-05-26 17:21:23,978] [INFO] [timer.py:264:stop] epoch=0/micro_step=300/global_step=150, RunningAvgSamplesPerSec=4.0008391935574945, CurrSamplesPerSec=3.9582917479617286, MemAllocated=8.29GB, MaxMemAllocated=11.05GB

Training 1/1 epoch (loss 0.7221):  24%|██▍       | 299/1250 [08:11<24:51,  1.57s/it]
Training 1/1 epoch (loss 0.7221):  24%|██▍       | 300/1250 [08:11<25:23,  1.60s/it]
Training 1/1 epoch (loss 0.4949):  24%|██▍       | 300/1250 [08:13<25:23,  1.60s/it]
Training 1/1 epoch (loss 0.4949):  24%|██▍       | 301/1250 [08:13<26:55,  1.70s/it]
Training 1/1 epoch (loss 0.3616):  24%|██▍       | 301/1250 [08:14<26:55,  1.70s/it]
Training 1/1 epoch (loss 0.3616):  24%|██▍       | 302/1250 [08:14<27:17,  1.73s/it]
Training 1/1 epoch (loss 1.6181):  24%|██▍       | 302/1250 [08:16<27:17,  1.73s/it]
Training 1/1 epoch (loss 1.6181):  24%|██▍       | 303/1250 [08:16<25:45,  1.63s/it]
Training 1/1 epoch (loss 0.8353):  24%|██▍       | 303/1250 [08:17<25:45,  1.63s/it]
Training 1/1 epoch (loss 0.8353):  24%|██▍       | 304/1250 [08:17<26:15,  1.67s/it]
Training 1/1 epoch (loss 0.4869):  24%|██▍       | 304/1250 [08:19<26:15,  1.67s/it]
Training 1/1 epoch (loss 0.4869):  24%|██▍       | 305/1250 [08:19<27:07,  1.72s/it]
Training 1/1 epoch (loss 0.2088):  24%|██▍       | 305/1250 [08:21<27:07,  1.72s/it]
Training 1/1 epoch (loss 0.2088):  24%|██▍       | 306/1250 [08:21<26:56,  1.71s/it]
Training 1/1 epoch (loss 0.4164):  24%|██▍       | 306/1250 [08:22<26:56,  1.71s/it]
Training 1/1 epoch (loss 0.4164):  25%|██▍       | 307/1250 [08:22<25:44,  1.64s/it]
Training 1/1 epoch (loss 0.4324):  25%|██▍       | 307/1250 [08:24<25:44,  1.64s/it]
Training 1/1 epoch (loss 0.4324):  25%|██▍       | 308/1250 [08:24<24:52,  1.58s/it]
Training 1/1 epoch (loss 1.3384):  25%|██▍       | 308/1250 [08:25<24:52,  1.58s/it]
Training 1/1 epoch (loss 1.3384):  25%|██▍       | 309/1250 [08:25<24:25,  1.56s/it]
Training 1/1 epoch (loss 0.9159):  25%|██▍       | 309/1250 [08:27<24:25,  1.56s/it]
Training 1/1 epoch (loss 0.9159):  25%|██▍       | 310/1250 [08:27<25:02,  1.60s/it]
Training 1/1 epoch (loss 0.5238):  25%|██▍       | 310/1250 [08:29<25:02,  1.60s/it]
Training 1/1 epoch (loss 0.5238):  25%|██▍       | 311/1250 [08:29<24:11,  1.55s/it]
Training 1/1 epoch (loss 0.4037):  25%|██▍       | 311/1250 [08:30<24:11,  1.55s/it]
Training 1/1 epoch (loss 0.4037):  25%|██▍       | 312/1250 [08:30<24:45,  1.58s/it]
Training 1/1 epoch (loss 1.1108):  25%|██▍       | 312/1250 [08:32<24:45,  1.58s/it]
Training 1/1 epoch (loss 1.1108):  25%|██▌       | 313/1250 [08:32<24:04,  1.54s/it]
Training 1/1 epoch (loss 0.4298):  25%|██▌       | 313/1250 [08:33<24:04,  1.54s/it]
Training 1/1 epoch (loss 0.4298):  25%|██▌       | 314/1250 [08:33<25:04,  1.61s/it]
Training 1/1 epoch (loss 0.6443):  25%|██▌       | 314/1250 [08:35<25:04,  1.61s/it]
Training 1/1 epoch (loss 0.6443):  25%|██▌       | 315/1250 [08:35<24:25,  1.57s/it]
Training 1/1 epoch (loss 0.8036):  25%|██▌       | 315/1250 [08:37<24:25,  1.57s/it]
Training 1/1 epoch (loss 0.8036):  25%|██▌       | 316/1250 [08:37<24:54,  1.60s/it]
Training 1/1 epoch (loss 0.8909):  25%|██▌       | 316/1250 [08:38<24:54,  1.60s/it]
Training 1/1 epoch (loss 0.8909):  25%|██▌       | 317/1250 [08:38<24:23,  1.57s/it]
Training 1/1 epoch (loss 0.6433):  25%|██▌       | 317/1250 [08:40<24:23,  1.57s/it]
Training 1/1 epoch (loss 0.6433):  25%|██▌       | 318/1250 [08:40<24:42,  1.59s/it]
Training 1/1 epoch (loss 0.5092):  25%|██▌       | 318/1250 [08:41<24:42,  1.59s/it]
Training 1/1 epoch (loss 0.5092):  26%|██▌       | 319/1250 [08:41<23:57,  1.54s/it][2025-05-26 17:21:56,230] [INFO] [logging.py:107:log_dist] [Rank 0] step=160, skipped=0, lr=[1.7418736641477636e-05, 1.7418736641477636e-05], mom=[[0.9, 0.95], [0.9, 0.95]]
[2025-05-26 17:21:56,231] [INFO] [timer.py:264:stop] epoch=0/micro_step=320/global_step=160, RunningAvgSamplesPerSec=3.9999728536637384, CurrSamplesPerSec=3.957270802687576, MemAllocated=8.29GB, MaxMemAllocated=11.05GB

Training 1/1 epoch (loss 0.8071):  26%|██▌       | 319/1250 [08:43<23:57,  1.54s/it]
Training 1/1 epoch (loss 0.8071):  26%|██▌       | 320/1250 [08:43<24:41,  1.59s/it]
Training 1/1 epoch (loss 0.6312):  26%|██▌       | 320/1250 [08:45<24:41,  1.59s/it]
Training 1/1 epoch (loss 0.6312):  26%|██▌       | 321/1250 [08:45<25:47,  1.67s/it]
Training 1/1 epoch (loss 0.5315):  26%|██▌       | 321/1250 [08:47<25:47,  1.67s/it]
Training 1/1 epoch (loss 0.5315):  26%|██▌       | 322/1250 [08:47<26:24,  1.71s/it]
Training 1/1 epoch (loss 0.5161):  26%|██▌       | 322/1250 [08:48<26:24,  1.71s/it]
Training 1/1 epoch (loss 0.5161):  26%|██▌       | 323/1250 [08:48<25:35,  1.66s/it]
Training 1/1 epoch (loss 0.5460):  26%|██▌       | 323/1250 [08:50<25:35,  1.66s/it]
Training 1/1 epoch (loss 0.5460):  26%|██▌       | 324/1250 [08:50<25:59,  1.68s/it]
Training 1/1 epoch (loss 0.6368):  26%|██▌       | 324/1250 [08:51<25:59,  1.68s/it]
Training 1/1 epoch (loss 0.6368):  26%|██▌       | 325/1250 [08:51<24:46,  1.61s/it]
Training 1/1 epoch (loss 0.5710):  26%|██▌       | 325/1250 [08:53<24:46,  1.61s/it]
Training 1/1 epoch (loss 0.5710):  26%|██▌       | 326/1250 [08:53<25:35,  1.66s/it]
Training 1/1 epoch (loss 0.5661):  26%|██▌       | 326/1250 [08:54<25:35,  1.66s/it]
Training 1/1 epoch (loss 0.5661):  26%|██▌       | 327/1250 [08:54<24:34,  1.60s/it]
Training 1/1 epoch (loss 0.5963):  26%|██▌       | 327/1250 [08:56<24:34,  1.60s/it]
Training 1/1 epoch (loss 0.5963):  26%|██▌       | 328/1250 [08:56<24:59,  1.63s/it]
Training 1/1 epoch (loss 0.5329):  26%|██▌       | 328/1250 [08:58<24:59,  1.63s/it]
Training 1/1 epoch (loss 0.5329):  26%|██▋       | 329/1250 [08:58<24:24,  1.59s/it]
Training 1/1 epoch (loss 0.4613):  26%|██▋       | 329/1250 [08:59<24:24,  1.59s/it]
Training 1/1 epoch (loss 0.4613):  26%|██▋       | 330/1250 [08:59<24:59,  1.63s/it]
Training 1/1 epoch (loss 0.3851):  26%|██▋       | 330/1250 [09:01<24:59,  1.63s/it]
Training 1/1 epoch (loss 0.3851):  26%|██▋       | 331/1250 [09:01<23:02,  1.50s/it]
Training 1/1 epoch (loss 0.8102):  26%|██▋       | 331/1250 [09:02<23:02,  1.50s/it]
Training 1/1 epoch (loss 0.8102):  27%|██▋       | 332/1250 [09:02<22:56,  1.50s/it]
Training 1/1 epoch (loss 0.3581):  27%|██▋       | 332/1250 [09:04<22:56,  1.50s/it]
Training 1/1 epoch (loss 0.3581):  27%|██▋       | 333/1250 [09:04<24:32,  1.61s/it]
Training 1/1 epoch (loss 0.3988):  27%|██▋       | 333/1250 [09:06<24:32,  1.61s/it]
Training 1/1 epoch (loss 0.3988):  27%|██▋       | 334/1250 [09:06<25:01,  1.64s/it]
Training 1/1 epoch (loss 0.6212):  27%|██▋       | 334/1250 [09:07<25:01,  1.64s/it]
Training 1/1 epoch (loss 0.6212):  27%|██▋       | 335/1250 [09:07<24:05,  1.58s/it]
Training 1/1 epoch (loss 0.9628):  27%|██▋       | 335/1250 [09:09<24:05,  1.58s/it]
Training 1/1 epoch (loss 0.9628):  27%|██▋       | 336/1250 [09:09<24:38,  1.62s/it]
Training 1/1 epoch (loss 0.7404):  27%|██▋       | 336/1250 [09:10<24:38,  1.62s/it]
Training 1/1 epoch (loss 0.7404):  27%|██▋       | 337/1250 [09:10<24:03,  1.58s/it]
Training 1/1 epoch (loss 2.5468):  27%|██▋       | 337/1250 [09:12<24:03,  1.58s/it]
Training 1/1 epoch (loss 2.5468):  27%|██▋       | 338/1250 [09:12<24:34,  1.62s/it]
Training 1/1 epoch (loss 0.6529):  27%|██▋       | 338/1250 [09:13<24:34,  1.62s/it]
Training 1/1 epoch (loss 0.6529):  27%|██▋       | 339/1250 [09:13<22:51,  1.51s/it][2025-05-26 17:22:28,363] [INFO] [logging.py:107:log_dist] [Rank 0] step=170, skipped=0, lr=[1.7061912630596252e-05, 1.7061912630596252e-05], mom=[[0.9, 0.95], [0.9, 0.95]]
[2025-05-26 17:22:28,364] [INFO] [timer.py:264:stop] epoch=0/micro_step=340/global_step=170, RunningAvgSamplesPerSec=4.000475829386215, CurrSamplesPerSec=4.331091680581325, MemAllocated=8.29GB, MaxMemAllocated=11.05GB

Training 1/1 epoch (loss 0.9766):  27%|██▋       | 339/1250 [09:15<22:51,  1.51s/it]
Training 1/1 epoch (loss 0.9766):  27%|██▋       | 340/1250 [09:15<24:06,  1.59s/it]
Training 1/1 epoch (loss 1.0239):  27%|██▋       | 340/1250 [09:17<24:06,  1.59s/it]
Training 1/1 epoch (loss 1.0239):  27%|██▋       | 341/1250 [09:17<25:38,  1.69s/it]
Training 1/1 epoch (loss 2.0251):  27%|██▋       | 341/1250 [09:19<25:38,  1.69s/it]
Training 1/1 epoch (loss 2.0251):  27%|██▋       | 342/1250 [09:19<25:39,  1.70s/it]
Training 1/1 epoch (loss 0.9459):  27%|██▋       | 342/1250 [09:20<25:39,  1.70s/it]
Training 1/1 epoch (loss 0.9459):  27%|██▋       | 343/1250 [09:20<25:44,  1.70s/it]
Training 1/1 epoch (loss 0.1898):  27%|██▋       | 343/1250 [09:22<25:44,  1.70s/it]
Training 1/1 epoch (loss 0.1898):  28%|██▊       | 344/1250 [09:22<25:43,  1.70s/it]
Training 1/1 epoch (loss 1.1737):  28%|██▊       | 344/1250 [09:24<25:43,  1.70s/it]
Training 1/1 epoch (loss 1.1737):  28%|██▊       | 345/1250 [09:24<24:34,  1.63s/it]
Training 1/1 epoch (loss 1.3379):  28%|██▊       | 345/1250 [09:25<24:34,  1.63s/it]
Training 1/1 epoch (loss 1.3379):  28%|██▊       | 346/1250 [09:25<24:55,  1.65s/it]
Training 1/1 epoch (loss 1.0542):  28%|██▊       | 346/1250 [09:27<24:55,  1.65s/it]
Training 1/1 epoch (loss 1.0542):  28%|██▊       | 347/1250 [09:27<23:59,  1.59s/it]
Training 1/1 epoch (loss 0.5822):  28%|██▊       | 347/1250 [09:28<23:59,  1.59s/it]
Training 1/1 epoch (loss 0.5822):  28%|██▊       | 348/1250 [09:28<24:29,  1.63s/it]
Training 1/1 epoch (loss 0.7752):  28%|██▊       | 348/1250 [09:30<24:29,  1.63s/it]
Training 1/1 epoch (loss 0.7752):  28%|██▊       | 349/1250 [09:30<23:39,  1.58s/it]
Training 1/1 epoch (loss 0.5568):  28%|██▊       | 349/1250 [09:32<23:39,  1.58s/it]
Training 1/1 epoch (loss 0.5568):  28%|██▊       | 350/1250 [09:32<24:24,  1.63s/it]
Training 1/1 epoch (loss 0.6452):  28%|██▊       | 350/1250 [09:33<24:24,  1.63s/it]
Training 1/1 epoch (loss 0.6452):  28%|██▊       | 351/1250 [09:33<23:33,  1.57s/it]
Training 1/1 epoch (loss 0.7430):  28%|██▊       | 351/1250 [09:35<23:33,  1.57s/it]
Training 1/1 epoch (loss 0.7430):  28%|██▊       | 352/1250 [09:35<24:09,  1.61s/it]
Training 1/1 epoch (loss 0.6531):  28%|██▊       | 352/1250 [09:36<24:09,  1.61s/it]
Training 1/1 epoch (loss 0.6531):  28%|██▊       | 353/1250 [09:36<23:27,  1.57s/it]
Training 1/1 epoch (loss 0.8052):  28%|██▊       | 353/1250 [09:38<23:27,  1.57s/it]
Training 1/1 epoch (loss 0.8052):  28%|██▊       | 354/1250 [09:38<24:08,  1.62s/it]
Training 1/1 epoch (loss 0.5572):  28%|██▊       | 354/1250 [09:39<24:08,  1.62s/it]
Training 1/1 epoch (loss 0.5572):  28%|██▊       | 355/1250 [09:39<23:45,  1.59s/it]
Training 1/1 epoch (loss 0.6401):  28%|██▊       | 355/1250 [09:41<23:45,  1.59s/it]
Training 1/1 epoch (loss 0.6401):  28%|██▊       | 356/1250 [09:41<24:22,  1.64s/it]
Training 1/1 epoch (loss 0.6609):  28%|██▊       | 356/1250 [09:43<24:22,  1.64s/it]
Training 1/1 epoch (loss 0.6609):  29%|██▊       | 357/1250 [09:43<23:45,  1.60s/it]
Training 1/1 epoch (loss 0.8348):  29%|██▊       | 357/1250 [09:45<23:45,  1.60s/it]
Training 1/1 epoch (loss 0.8348):  29%|██▊       | 358/1250 [09:45<24:33,  1.65s/it]
Training 1/1 epoch (loss 0.6772):  29%|██▊       | 358/1250 [09:46<24:33,  1.65s/it]
Training 1/1 epoch (loss 0.6772):  29%|██▊       | 359/1250 [09:46<23:53,  1.61s/it][2025-05-26 17:23:01,114] [INFO] [logging.py:107:log_dist] [Rank 0] step=180, skipped=0, lr=[1.6686176171308125e-05, 1.6686176171308125e-05], mom=[[0.9, 0.95], [0.9, 0.95]]
[2025-05-26 17:23:01,116] [INFO] [timer.py:264:stop] epoch=0/micro_step=360/global_step=180, RunningAvgSamplesPerSec=3.9943446469723827, CurrSamplesPerSec=3.8862221845943954, MemAllocated=8.29GB, MaxMemAllocated=11.05GB

Training 1/1 epoch (loss 0.7073):  29%|██▊       | 359/1250 [09:48<23:53,  1.61s/it]
Training 1/1 epoch (loss 0.7073):  29%|██▉       | 360/1250 [09:48<24:21,  1.64s/it]
Training 1/1 epoch (loss 0.6529):  29%|██▉       | 360/1250 [09:49<24:21,  1.64s/it]
Training 1/1 epoch (loss 0.6529):  29%|██▉       | 361/1250 [09:49<23:23,  1.58s/it]
Training 1/1 epoch (loss 0.7665):  29%|██▉       | 361/1250 [09:51<23:23,  1.58s/it]
Training 1/1 epoch (loss 0.7665):  29%|██▉       | 362/1250 [09:51<23:56,  1.62s/it]
Training 1/1 epoch (loss 0.5373):  29%|██▉       | 362/1250 [09:52<23:56,  1.62s/it]
Training 1/1 epoch (loss 0.5373):  29%|██▉       | 363/1250 [09:52<23:08,  1.57s/it]
Training 1/1 epoch (loss 0.6868):  29%|██▉       | 363/1250 [09:54<23:08,  1.57s/it]
Training 1/1 epoch (loss 0.6868):  29%|██▉       | 364/1250 [09:54<23:45,  1.61s/it]
Training 1/1 epoch (loss 0.6423):  29%|██▉       | 364/1250 [09:56<23:45,  1.61s/it]
Training 1/1 epoch (loss 0.6423):  29%|██▉       | 365/1250 [09:56<24:40,  1.67s/it]
Training 1/1 epoch (loss 0.5662):  29%|██▉       | 365/1250 [09:58<24:40,  1.67s/it]
Training 1/1 epoch (loss 0.5662):  29%|██▉       | 366/1250 [09:58<24:56,  1.69s/it]
Training 1/1 epoch (loss 0.5124):  29%|██▉       | 366/1250 [09:59<24:56,  1.69s/it]
Training 1/1 epoch (loss 0.5124):  29%|██▉       | 367/1250 [09:59<24:07,  1.64s/it]
Training 1/1 epoch (loss 0.8132):  29%|██▉       | 367/1250 [10:01<24:07,  1.64s/it]
Training 1/1 epoch (loss 0.8132):  29%|██▉       | 368/1250 [10:01<24:44,  1.68s/it]
Training 1/1 epoch (loss 0.8970):  29%|██▉       | 368/1250 [10:02<24:44,  1.68s/it]
Training 1/1 epoch (loss 0.8970):  30%|██▉       | 369/1250 [10:02<23:32,  1.60s/it]
Training 1/1 epoch (loss 0.6353):  30%|██▉       | 369/1250 [10:04<23:32,  1.60s/it]
Training 1/1 epoch (loss 0.6353):  30%|██▉       | 370/1250 [10:04<23:53,  1.63s/it]
Training 1/1 epoch (loss 0.5129):  30%|██▉       | 370/1250 [10:05<23:53,  1.63s/it]
Training 1/1 epoch (loss 0.5129):  30%|██▉       | 371/1250 [10:05<23:09,  1.58s/it]
Training 1/1 epoch (loss 0.4149):  30%|██▉       | 371/1250 [10:07<23:09,  1.58s/it]
Training 1/1 epoch (loss 0.4149):  30%|██▉       | 372/1250 [10:07<23:22,  1.60s/it]
Training 1/1 epoch (loss 0.7660):  30%|██▉       | 372/1250 [10:09<23:22,  1.60s/it]
Training 1/1 epoch (loss 0.7660):  30%|██▉       | 373/1250 [10:09<22:38,  1.55s/it]
Training 1/1 epoch (loss 0.6205):  30%|██▉       | 373/1250 [10:10<22:38,  1.55s/it]
Training 1/1 epoch (loss 0.6205):  30%|██▉       | 374/1250 [10:10<23:16,  1.59s/it]
Training 1/1 epoch (loss 0.6407):  30%|██▉       | 374/1250 [10:12<23:16,  1.59s/it]
Training 1/1 epoch (loss 0.6407):  30%|███       | 375/1250 [10:12<22:33,  1.55s/it]
Training 1/1 epoch (loss 0.6688):  30%|███       | 375/1250 [10:13<22:33,  1.55s/it]
Training 1/1 epoch (loss 0.6688):  30%|███       | 376/1250 [10:13<22:47,  1.56s/it]
Training 1/1 epoch (loss 0.8565):  30%|███       | 376/1250 [10:15<22:47,  1.56s/it]
Training 1/1 epoch (loss 0.8565):  30%|███       | 377/1250 [10:15<22:18,  1.53s/it]
Training 1/1 epoch (loss 0.4852):  30%|███       | 377/1250 [10:16<22:18,  1.53s/it]
Training 1/1 epoch (loss 0.4852):  30%|███       | 378/1250 [10:16<23:06,  1.59s/it]
Training 1/1 epoch (loss 0.5055):  30%|███       | 378/1250 [10:18<23:06,  1.59s/it]
Training 1/1 epoch (loss 0.5055):  30%|███       | 379/1250 [10:18<22:22,  1.54s/it][2025-05-26 17:23:32,990] [INFO] [logging.py:107:log_dist] [Rank 0] step=190, skipped=0, lr=[1.6292533520242663e-05, 1.6292533520242663e-05], mom=[[0.9, 0.95], [0.9, 0.95]]
[2025-05-26 17:23:32,991] [INFO] [timer.py:264:stop] epoch=0/micro_step=380/global_step=190, RunningAvgSamplesPerSec=3.9920230506988497, CurrSamplesPerSec=3.973057257280519, MemAllocated=8.29GB, MaxMemAllocated=11.05GB

Training 1/1 epoch (loss 0.7339):  30%|███       | 379/1250 [10:20<22:22,  1.54s/it]
Training 1/1 epoch (loss 0.7339):  30%|███       | 380/1250 [10:20<23:21,  1.61s/it]
Training 1/1 epoch (loss 0.6141):  30%|███       | 380/1250 [10:21<23:21,  1.61s/it]
Training 1/1 epoch (loss 0.6141):  30%|███       | 381/1250 [10:21<22:45,  1.57s/it]
Training 1/1 epoch (loss 0.5826):  30%|███       | 381/1250 [10:23<22:45,  1.57s/it]
Training 1/1 epoch (loss 0.5826):  31%|███       | 382/1250 [10:23<23:22,  1.62s/it]
Training 1/1 epoch (loss 0.5767):  31%|███       | 382/1250 [10:24<23:22,  1.62s/it]
Training 1/1 epoch (loss 0.5767):  31%|███       | 383/1250 [10:24<22:33,  1.56s/it]
Training 1/1 epoch (loss 0.6506):  31%|███       | 383/1250 [10:26<22:33,  1.56s/it]
Training 1/1 epoch (loss 0.6506):  31%|███       | 384/1250 [10:26<23:21,  1.62s/it]
Training 1/1 epoch (loss 0.3849):  31%|███       | 384/1250 [10:28<23:21,  1.62s/it]
Training 1/1 epoch (loss 0.3849):  31%|███       | 385/1250 [10:28<22:47,  1.58s/it]
Training 1/1 epoch (loss 0.6866):  31%|███       | 385/1250 [10:29<22:47,  1.58s/it]
Training 1/1 epoch (loss 0.6866):  31%|███       | 386/1250 [10:29<23:18,  1.62s/it]
Training 1/1 epoch (loss 0.7497):  31%|███       | 386/1250 [10:31<23:18,  1.62s/it]
Training 1/1 epoch (loss 0.7497):  31%|███       | 387/1250 [10:31<22:30,  1.56s/it]
Training 1/1 epoch (loss 0.5524):  31%|███       | 387/1250 [10:32<22:30,  1.56s/it]
Training 1/1 epoch (loss 0.5524):  31%|███       | 388/1250 [10:32<23:06,  1.61s/it]
Training 1/1 epoch (loss 0.8724):  31%|███       | 388/1250 [10:34<23:06,  1.61s/it]
Training 1/1 epoch (loss 0.8724):  31%|███       | 389/1250 [10:34<22:07,  1.54s/it]
Training 1/1 epoch (loss 0.6745):  31%|███       | 389/1250 [10:35<22:07,  1.54s/it]
Training 1/1 epoch (loss 0.6745):  31%|███       | 390/1250 [10:35<22:40,  1.58s/it]
Training 1/1 epoch (loss 0.5637):  31%|███       | 390/1250 [10:37<22:40,  1.58s/it]
Training 1/1 epoch (loss 0.5637):  31%|███▏      | 391/1250 [10:37<22:01,  1.54s/it]
Training 1/1 epoch (loss 0.4283):  31%|███▏      | 391/1250 [10:39<22:01,  1.54s/it]
Training 1/1 epoch (loss 0.4283):  31%|███▏      | 392/1250 [10:39<22:35,  1.58s/it]
Training 1/1 epoch (loss 0.5611):  31%|███▏      | 392/1250 [10:40<22:35,  1.58s/it]
Training 1/1 epoch (loss 0.5611):  31%|███▏      | 393/1250 [10:40<21:53,  1.53s/it]
Training 1/1 epoch (loss 0.8792):  31%|███▏      | 393/1250 [10:42<21:53,  1.53s/it]
Training 1/1 epoch (loss 0.8792):  32%|███▏      | 394/1250 [10:42<22:26,  1.57s/it]
Training 1/1 epoch (loss 0.4453):  32%|███▏      | 394/1250 [10:43<22:26,  1.57s/it]
Training 1/1 epoch (loss 0.4453):  32%|███▏      | 395/1250 [10:43<23:25,  1.64s/it]
Training 1/1 epoch (loss 0.5593):  32%|███▏      | 395/1250 [10:45<23:25,  1.64s/it]
Training 1/1 epoch (loss 0.5593):  32%|███▏      | 396/1250 [10:45<23:35,  1.66s/it]
Training 1/1 epoch (loss 0.4136):  32%|███▏      | 396/1250 [10:47<23:35,  1.66s/it]
Training 1/1 epoch (loss 0.4136):  32%|███▏      | 397/1250 [10:47<22:42,  1.60s/it]
Training 1/1 epoch (loss 0.8522):  32%|███▏      | 397/1250 [10:48<22:42,  1.60s/it]
Training 1/1 epoch (loss 0.8522):  32%|███▏      | 398/1250 [10:48<23:08,  1.63s/it]
Training 1/1 epoch (loss 0.5865):  32%|███▏      | 398/1250 [10:50<23:08,  1.63s/it]
Training 1/1 epoch (loss 0.5865):  32%|███▏      | 399/1250 [10:50<22:12,  1.57s/it][2025-05-26 17:24:04,545] [INFO] [logging.py:107:log_dist] [Rank 0] step=200, skipped=0, lr=[1.588203888844982e-05, 1.588203888844982e-05], mom=[[0.9, 0.95], [0.9, 0.95]]
[2025-05-26 17:24:04,547] [INFO] [timer.py:264:stop] epoch=0/micro_step=400/global_step=200, RunningAvgSamplesPerSec=3.993767470289562, CurrSamplesPerSec=4.618638404595742, MemAllocated=8.29GB, MaxMemAllocated=11.05GB

Training 1/1 epoch (loss 0.7753):  32%|███▏      | 399/1250 [10:51<22:12,  1.57s/it]
Training 1/1 epoch (loss 0.7753):  32%|███▏      | 400/1250 [10:51<21:36,  1.53s/it]
Training 1/1 epoch (loss 0.6823):  32%|███▏      | 400/1250 [10:53<21:36,  1.53s/it]
Training 1/1 epoch (loss 0.6823):  32%|███▏      | 401/1250 [10:53<21:09,  1.50s/it]
Training 1/1 epoch (loss 0.9481):  32%|███▏      | 401/1250 [10:54<21:09,  1.50s/it]
Training 1/1 epoch (loss 0.9481):  32%|███▏      | 402/1250 [10:54<21:55,  1.55s/it]
Training 1/1 epoch (loss 0.7427):  32%|███▏      | 402/1250 [10:56<21:55,  1.55s/it]
Training 1/1 epoch (loss 0.7427):  32%|███▏      | 403/1250 [10:56<21:28,  1.52s/it]
Training 1/1 epoch (loss 0.3977):  32%|███▏      | 403/1250 [10:58<21:28,  1.52s/it]
Training 1/1 epoch (loss 0.3977):  32%|███▏      | 404/1250 [10:58<23:47,  1.69s/it]
Training 1/1 epoch (loss 1.1441):  32%|███▏      | 404/1250 [10:59<23:47,  1.69s/it]
Training 1/1 epoch (loss 1.1441):  32%|███▏      | 405/1250 [10:59<22:40,  1.61s/it]
Training 1/1 epoch (loss 0.9899):  32%|███▏      | 405/1250 [11:01<22:40,  1.61s/it]
Training 1/1 epoch (loss 0.9899):  32%|███▏      | 406/1250 [11:01<23:12,  1.65s/it]
Training 1/1 epoch (loss 0.5045):  32%|███▏      | 406/1250 [11:02<23:12,  1.65s/it]
Training 1/1 epoch (loss 0.5045):  33%|███▎      | 407/1250 [11:02<22:11,  1.58s/it]
Training 1/1 epoch (loss 0.8487):  33%|███▎      | 407/1250 [11:04<22:11,  1.58s/it]
Training 1/1 epoch (loss 0.8487):  33%|███▎      | 408/1250 [11:04<21:29,  1.53s/it]
Training 1/1 epoch (loss 0.5311):  33%|███▎      | 408/1250 [11:05<21:29,  1.53s/it]
Training 1/1 epoch (loss 0.5311):  33%|███▎      | 409/1250 [11:05<21:10,  1.51s/it]
Training 1/1 epoch (loss 0.3995):  33%|███▎      | 409/1250 [11:07<21:10,  1.51s/it]
Training 1/1 epoch (loss 0.3995):  33%|███▎      | 410/1250 [11:07<21:51,  1.56s/it]
Training 1/1 epoch (loss 0.3605):  33%|███▎      | 410/1250 [11:08<21:51,  1.56s/it]
Training 1/1 epoch (loss 0.3605):  33%|███▎      | 411/1250 [11:08<21:36,  1.55s/it]
Training 1/1 epoch (loss 0.5569):  33%|███▎      | 411/1250 [11:10<21:36,  1.55s/it]
Training 1/1 epoch (loss 0.5569):  33%|███▎      | 412/1250 [11:10<22:10,  1.59s/it]
Training 1/1 epoch (loss 0.8147):  33%|███▎      | 412/1250 [11:12<22:10,  1.59s/it]
Training 1/1 epoch (loss 0.8147):  33%|███▎      | 413/1250 [11:12<21:35,  1.55s/it]
Training 1/1 epoch (loss 0.6034):  33%|███▎      | 413/1250 [11:13<21:35,  1.55s/it]
Training 1/1 epoch (loss 0.6034):  33%|███▎      | 414/1250 [11:13<21:05,  1.51s/it]
Training 1/1 epoch (loss 0.9191):  33%|███▎      | 414/1250 [11:15<21:05,  1.51s/it]
Training 1/1 epoch (loss 0.9191):  33%|███▎      | 415/1250 [11:15<20:55,  1.50s/it]
Training 1/1 epoch (loss 0.6471):  33%|███▎      | 415/1250 [11:16<20:55,  1.50s/it]
Training 1/1 epoch (loss 0.6471):  33%|███▎      | 416/1250 [11:16<20:35,  1.48s/it]
Training 1/1 epoch (loss 0.6071):  33%|███▎      | 416/1250 [11:17<20:35,  1.48s/it]
Training 1/1 epoch (loss 0.6071):  33%|███▎      | 417/1250 [11:17<20:33,  1.48s/it]
Training 1/1 epoch (loss 0.7054):  33%|███▎      | 417/1250 [11:19<20:33,  1.48s/it]
Training 1/1 epoch (loss 0.7054):  33%|███▎      | 418/1250 [11:19<20:17,  1.46s/it]
Training 1/1 epoch (loss 0.5622):  33%|███▎      | 418/1250 [11:20<20:17,  1.46s/it]
Training 1/1 epoch (loss 0.5622):  34%|███▎      | 419/1250 [11:20<20:12,  1.46s/it][2025-05-26 17:24:35,308] [INFO] [logging.py:107:log_dist] [Rank 0] step=210, skipped=0, lr=[1.5455791618126407e-05, 1.5455791618126407e-05], mom=[[0.9, 0.95], [0.9, 0.95]]
[2025-05-26 17:24:35,309] [INFO] [timer.py:264:stop] epoch=0/micro_step=420/global_step=210, RunningAvgSamplesPerSec=4.002275300117022, CurrSamplesPerSec=4.072727882868119, MemAllocated=8.29GB, MaxMemAllocated=11.05GB

Training 1/1 epoch (loss 0.5978):  34%|███▎      | 419/1250 [11:22<20:12,  1.46s/it]
Training 1/1 epoch (loss 0.5978):  34%|███▎      | 420/1250 [11:22<20:54,  1.51s/it]
Training 1/1 epoch (loss 0.4882):  34%|███▎      | 420/1250 [11:23<20:54,  1.51s/it]
Training 1/1 epoch (loss 0.4882):  34%|███▎      | 421/1250 [11:23<19:34,  1.42s/it]
Training 1/1 epoch (loss 0.7659):  34%|███▎      | 421/1250 [11:25<19:34,  1.42s/it]
Training 1/1 epoch (loss 0.7659):  34%|███▍      | 422/1250 [11:25<20:47,  1.51s/it]
Training 1/1 epoch (loss 1.0443):  34%|███▍      | 422/1250 [11:26<20:47,  1.51s/it]
Training 1/1 epoch (loss 1.0443):  34%|███▍      | 423/1250 [11:26<20:29,  1.49s/it]
Training 1/1 epoch (loss 1.5143):  34%|███▍      | 423/1250 [11:28<20:29,  1.49s/it]
Training 1/1 epoch (loss 1.5143):  34%|███▍      | 424/1250 [11:28<21:18,  1.55s/it]
Training 1/1 epoch (loss 0.9096):  34%|███▍      | 424/1250 [11:29<21:18,  1.55s/it]
Training 1/1 epoch (loss 0.9096):  34%|███▍      | 425/1250 [11:29<20:55,  1.52s/it]
Training 1/1 epoch (loss 0.5228):  34%|███▍      | 425/1250 [11:31<20:55,  1.52s/it]
Training 1/1 epoch (loss 0.5228):  34%|███▍      | 426/1250 [11:31<21:35,  1.57s/it]
Training 1/1 epoch (loss 1.0570):  34%|███▍      | 426/1250 [11:33<21:35,  1.57s/it]
Training 1/1 epoch (loss 1.0570):  34%|███▍      | 427/1250 [11:33<21:12,  1.55s/it]
Training 1/1 epoch (loss 0.7216):  34%|███▍      | 427/1250 [11:34<21:12,  1.55s/it]
Training 1/1 epoch (loss 0.7216):  34%|███▍      | 428/1250 [11:34<21:48,  1.59s/it]
Training 1/1 epoch (loss 0.6549):  34%|███▍      | 428/1250 [11:36<21:48,  1.59s/it]
Training 1/1 epoch (loss 0.6549):  34%|███▍      | 429/1250 [11:36<21:12,  1.55s/it]
Training 1/1 epoch (loss 0.5836):  34%|███▍      | 429/1250 [11:37<21:12,  1.55s/it]
Training 1/1 epoch (loss 0.5836):  34%|███▍      | 430/1250 [11:37<21:47,  1.59s/it]
Training 1/1 epoch (loss 0.5942):  34%|███▍      | 430/1250 [11:39<21:47,  1.59s/it]
Training 1/1 epoch (loss 0.5942):  34%|███▍      | 431/1250 [11:39<21:22,  1.57s/it]
Training 1/1 epoch (loss 0.6729):  34%|███▍      | 431/1250 [11:41<21:22,  1.57s/it]
Training 1/1 epoch (loss 0.6729):  35%|███▍      | 432/1250 [11:41<21:52,  1.60s/it]
Training 1/1 epoch (loss 0.5159):  35%|███▍      | 432/1250 [11:42<21:52,  1.60s/it]
Training 1/1 epoch (loss 0.5159):  35%|███▍      | 433/1250 [11:42<21:29,  1.58s/it]
Training 1/1 epoch (loss 0.7007):  35%|███▍      | 433/1250 [11:44<21:29,  1.58s/it]
Training 1/1 epoch (loss 0.7007):  35%|███▍      | 434/1250 [11:44<23:19,  1.71s/it]
Training 1/1 epoch (loss 0.4795):  35%|███▍      | 434/1250 [11:46<23:19,  1.71s/it]
Training 1/1 epoch (loss 0.4795):  35%|███▍      | 435/1250 [11:46<23:27,  1.73s/it]
Training 1/1 epoch (loss 0.8084):  35%|███▍      | 435/1250 [11:48<23:27,  1.73s/it]
Training 1/1 epoch (loss 0.8084):  35%|███▍      | 436/1250 [11:48<24:57,  1.84s/it]
Training 1/1 epoch (loss 0.5445):  35%|███▍      | 436/1250 [11:50<24:57,  1.84s/it]
Training 1/1 epoch (loss 0.5445):  35%|███▍      | 437/1250 [11:50<23:20,  1.72s/it]
Training 1/1 epoch (loss 0.7119):  35%|███▍      | 437/1250 [11:51<23:20,  1.72s/it]
Training 1/1 epoch (loss 0.7119):  35%|███▌      | 438/1250 [11:51<23:11,  1.71s/it]
Training 1/1 epoch (loss 0.5968):  35%|███▌      | 438/1250 [11:53<23:11,  1.71s/it]
Training 1/1 epoch (loss 0.5968):  35%|███▌      | 439/1250 [11:53<22:02,  1.63s/it][2025-05-26 17:25:07,698] [INFO] [logging.py:107:log_dist] [Rank 0] step=220, skipped=0, lr=[1.5014933238477069e-05, 1.5014933238477069e-05], mom=[[0.9, 0.95], [0.9, 0.95]]
[2025-05-26 17:25:07,699] [INFO] [timer.py:264:stop] epoch=0/micro_step=440/global_step=220, RunningAvgSamplesPerSec=4.001614793528173, CurrSamplesPerSec=4.001241499682242, MemAllocated=8.29GB, MaxMemAllocated=11.05GB

Training 1/1 epoch (loss 0.6014):  35%|███▌      | 439/1250 [11:54<22:02,  1.63s/it]
Training 1/1 epoch (loss 0.6014):  35%|███▌      | 440/1250 [11:54<22:15,  1.65s/it]
Training 1/1 epoch (loss 0.6486):  35%|███▌      | 440/1250 [11:56<22:15,  1.65s/it]
Training 1/1 epoch (loss 0.6486):  35%|███▌      | 441/1250 [11:56<21:29,  1.59s/it]
Training 1/1 epoch (loss 0.4988):  35%|███▌      | 441/1250 [11:57<21:29,  1.59s/it]
Training 1/1 epoch (loss 0.4988):  35%|███▌      | 442/1250 [11:57<21:52,  1.62s/it]
Training 1/1 epoch (loss 0.4491):  35%|███▌      | 442/1250 [11:59<21:52,  1.62s/it]
Training 1/1 epoch (loss 0.4491):  35%|███▌      | 443/1250 [11:59<21:12,  1.58s/it]
Training 1/1 epoch (loss 0.6380):  35%|███▌      | 443/1250 [12:01<21:12,  1.58s/it]
Training 1/1 epoch (loss 0.6380):  36%|███▌      | 444/1250 [12:01<21:47,  1.62s/it]
Training 1/1 epoch (loss 0.5422):  36%|███▌      | 444/1250 [12:02<21:47,  1.62s/it]
Training 1/1 epoch (loss 0.5422):  36%|███▌      | 445/1250 [12:02<21:00,  1.57s/it]
Training 1/1 epoch (loss 0.6612):  36%|███▌      | 445/1250 [12:04<21:00,  1.57s/it]
Training 1/1 epoch (loss 0.6612):  36%|███▌      | 446/1250 [12:04<21:36,  1.61s/it]
Training 1/1 epoch (loss 0.7398):  36%|███▌      | 446/1250 [12:05<21:36,  1.61s/it]
Training 1/1 epoch (loss 0.7398):  36%|███▌      | 447/1250 [12:05<21:04,  1.57s/it]
Training 1/1 epoch (loss 0.3451):  36%|███▌      | 447/1250 [12:07<21:04,  1.57s/it]
Training 1/1 epoch (loss 0.3451):  36%|███▌      | 448/1250 [12:07<22:12,  1.66s/it]
Training 1/1 epoch (loss 0.8525):  36%|███▌      | 448/1250 [12:09<22:12,  1.66s/it]
Training 1/1 epoch (loss 0.8525):  36%|███▌      | 449/1250 [12:09<21:33,  1.61s/it]
Training 1/1 epoch (loss 0.6345):  36%|███▌      | 449/1250 [12:10<21:33,  1.61s/it]
Training 1/1 epoch (loss 0.6345):  36%|███▌      | 450/1250 [12:10<22:11,  1.66s/it]
Training 1/1 epoch (loss 1.2277):  36%|███▌      | 450/1250 [12:12<22:11,  1.66s/it]
Training 1/1 epoch (loss 1.2277):  36%|███▌      | 451/1250 [12:12<21:38,  1.63s/it]
Training 1/1 epoch (loss 0.4358):  36%|███▌      | 451/1250 [12:14<21:38,  1.63s/it]
Training 1/1 epoch (loss 0.4358):  36%|███▌      | 452/1250 [12:14<22:02,  1.66s/it]
Training 1/1 epoch (loss 0.3404):  36%|███▌      | 452/1250 [12:15<22:02,  1.66s/it]
Training 1/1 epoch (loss 0.3404):  36%|███▌      | 453/1250 [12:15<21:22,  1.61s/it]
Training 1/1 epoch (loss 0.4815):  36%|███▌      | 453/1250 [12:17<21:22,  1.61s/it]
Training 1/1 epoch (loss 0.4815):  36%|███▋      | 454/1250 [12:17<21:55,  1.65s/it]
Training 1/1 epoch (loss 0.5681):  36%|███▋      | 454/1250 [12:18<21:55,  1.65s/it]
Training 1/1 epoch (loss 0.5681):  36%|███▋      | 455/1250 [12:18<21:07,  1.59s/it]
Training 1/1 epoch (loss 0.3091):  36%|███▋      | 455/1250 [12:20<21:07,  1.59s/it]
Training 1/1 epoch (loss 0.3091):  36%|███▋      | 456/1250 [12:20<22:07,  1.67s/it]
Training 1/1 epoch (loss 0.5255):  36%|███▋      | 456/1250 [12:22<22:07,  1.67s/it]
Training 1/1 epoch (loss 0.5255):  37%|███▋      | 457/1250 [12:22<21:24,  1.62s/it]
Training 1/1 epoch (loss 0.7419):  37%|███▋      | 457/1250 [12:24<21:24,  1.62s/it]
Training 1/1 epoch (loss 0.7419):  37%|███▋      | 458/1250 [12:24<21:42,  1.64s/it]
Training 1/1 epoch (loss 0.7449):  37%|███▋      | 458/1250 [12:25<21:42,  1.64s/it]
Training 1/1 epoch (loss 0.7449):  37%|███▋      | 459/1250 [12:25<20:49,  1.58s/it][2025-05-26 17:25:39,994] [INFO] [logging.py:107:log_dist] [Rank 0] step=230, skipped=0, lr=[1.4560644408594602e-05, 1.4560644408594602e-05], mom=[[0.9, 0.95], [0.9, 0.95]]
[2025-05-26 17:25:39,995] [INFO] [timer.py:264:stop] epoch=0/micro_step=460/global_step=230, RunningAvgSamplesPerSec=3.9952009234411943, CurrSamplesPerSec=4.016749515244095, MemAllocated=8.29GB, MaxMemAllocated=11.05GB

Training 1/1 epoch (loss 0.2408):  37%|███▋      | 459/1250 [12:27<20:49,  1.58s/it]
Training 1/1 epoch (loss 0.2408):  37%|███▋      | 460/1250 [12:27<21:15,  1.61s/it]
Training 1/1 epoch (loss 0.9527):  37%|███▋      | 460/1250 [12:28<21:15,  1.61s/it]
Training 1/1 epoch (loss 0.9527):  37%|███▋      | 461/1250 [12:28<20:26,  1.55s/it]
Training 1/1 epoch (loss 0.5870):  37%|███▋      | 461/1250 [12:30<20:26,  1.55s/it]
Training 1/1 epoch (loss 0.5870):  37%|███▋      | 462/1250 [12:30<20:54,  1.59s/it]
Training 1/1 epoch (loss 0.6852):  37%|███▋      | 462/1250 [12:31<20:54,  1.59s/it]
Training 1/1 epoch (loss 0.6852):  37%|███▋      | 463/1250 [12:31<20:30,  1.56s/it]
Training 1/1 epoch (loss 0.4970):  37%|███▋      | 463/1250 [12:33<20:30,  1.56s/it]
Training 1/1 epoch (loss 0.4970):  37%|███▋      | 464/1250 [12:33<20:54,  1.60s/it]
Training 1/1 epoch (loss 0.6536):  37%|███▋      | 464/1250 [12:34<20:54,  1.60s/it]
Training 1/1 epoch (loss 0.6536):  37%|███▋      | 465/1250 [12:34<20:17,  1.55s/it]
Training 1/1 epoch (loss 0.6157):  37%|███▋      | 465/1250 [12:36<20:17,  1.55s/it]
Training 1/1 epoch (loss 0.6157):  37%|███▋      | 466/1250 [12:36<19:51,  1.52s/it]
Training 1/1 epoch (loss 1.3873):  37%|███▋      | 466/1250 [12:37<19:51,  1.52s/it]
Training 1/1 epoch (loss 1.3873):  37%|███▋      | 467/1250 [12:37<19:33,  1.50s/it]
Training 1/1 epoch (loss 0.3404):  37%|███▋      | 467/1250 [12:39<19:33,  1.50s/it]
Training 1/1 epoch (loss 0.3404):  37%|███▋      | 468/1250 [12:39<20:18,  1.56s/it]
Training 1/1 epoch (loss 0.2145):  37%|███▋      | 468/1250 [12:40<20:18,  1.56s/it]
Training 1/1 epoch (loss 0.2145):  38%|███▊      | 469/1250 [12:40<19:50,  1.52s/it]
Training 1/1 epoch (loss 0.3308):  38%|███▊      | 469/1250 [12:42<19:50,  1.52s/it]
Training 1/1 epoch (loss 0.3308):  38%|███▊      | 470/1250 [12:42<20:34,  1.58s/it]
Training 1/1 epoch (loss 1.5070):  38%|███▊      | 470/1250 [12:43<20:34,  1.58s/it]
Training 1/1 epoch (loss 1.5070):  38%|███▊      | 471/1250 [12:43<19:44,  1.52s/it]
Training 1/1 epoch (loss 0.3956):  38%|███▊      | 471/1250 [12:45<19:44,  1.52s/it]
Training 1/1 epoch (loss 0.3956):  38%|███▊      | 472/1250 [12:45<20:31,  1.58s/it]
Training 1/1 epoch (loss 0.6936):  38%|███▊      | 472/1250 [12:47<20:31,  1.58s/it]
Training 1/1 epoch (loss 0.6936):  38%|███▊      | 473/1250 [12:47<20:06,  1.55s/it]
Training 1/1 epoch (loss 0.8540):  38%|███▊      | 473/1250 [12:48<20:06,  1.55s/it]
Training 1/1 epoch (loss 0.8540):  38%|███▊      | 474/1250 [12:48<20:31,  1.59s/it]
Training 1/1 epoch (loss 0.2234):  38%|███▊      | 474/1250 [12:50<20:31,  1.59s/it]
Training 1/1 epoch (loss 0.2234):  38%|███▊      | 475/1250 [12:50<19:58,  1.55s/it]
Training 1/1 epoch (loss 0.3752):  38%|███▊      | 475/1250 [12:52<19:58,  1.55s/it]
Training 1/1 epoch (loss 0.3752):  38%|███▊      | 476/1250 [12:52<20:40,  1.60s/it]
Training 1/1 epoch (loss 0.5637):  38%|███▊      | 476/1250 [12:53<20:40,  1.60s/it]
Training 1/1 epoch (loss 0.5637):  38%|███▊      | 477/1250 [12:53<20:07,  1.56s/it]
Training 1/1 epoch (loss 0.7009):  38%|███▊      | 477/1250 [12:55<20:07,  1.56s/it]
Training 1/1 epoch (loss 0.7009):  38%|███▊      | 478/1250 [12:55<21:08,  1.64s/it]
Training 1/1 epoch (loss 0.2865):  38%|███▊      | 478/1250 [12:56<21:08,  1.64s/it]
Training 1/1 epoch (loss 0.2865):  38%|███▊      | 479/1250 [12:56<20:24,  1.59s/it][2025-05-26 17:26:11,282] [INFO] [logging.py:107:log_dist] [Rank 0] step=240, skipped=0, lr=[1.4094141755546816e-05, 1.4094141755546816e-05], mom=[[0.9, 0.95], [0.9, 0.95]]
[2025-05-26 17:26:11,283] [INFO] [timer.py:264:stop] epoch=0/micro_step=480/global_step=240, RunningAvgSamplesPerSec=3.999332715623736, CurrSamplesPerSec=4.107792254919247, MemAllocated=8.29GB, MaxMemAllocated=11.05GB

Training 1/1 epoch (loss 0.7801):  38%|███▊      | 479/1250 [12:58<20:24,  1.59s/it]
Training 1/1 epoch (loss 0.7801):  38%|███▊      | 480/1250 [12:58<20:29,  1.60s/it]
Training 1/1 epoch (loss 0.3299):  38%|███▊      | 480/1250 [12:59<20:29,  1.60s/it]
Training 1/1 epoch (loss 0.3299):  38%|███▊      | 481/1250 [12:59<19:48,  1.55s/it]
Training 1/1 epoch (loss 0.8184):  38%|███▊      | 481/1250 [13:01<19:48,  1.55s/it]
Training 1/1 epoch (loss 0.8184):  39%|███▊      | 482/1250 [13:01<20:29,  1.60s/it]
Training 1/1 epoch (loss 0.4117):  39%|███▊      | 482/1250 [13:02<20:29,  1.60s/it]
Training 1/1 epoch (loss 0.4117):  39%|███▊      | 483/1250 [13:02<19:02,  1.49s/it]
Training 1/1 epoch (loss 1.1353):  39%|███▊      | 483/1250 [13:04<19:02,  1.49s/it]
Training 1/1 epoch (loss 1.1353):  39%|███▊      | 484/1250 [13:04<19:48,  1.55s/it]
Training 1/1 epoch (loss 0.5022):  39%|███▊      | 484/1250 [13:05<19:48,  1.55s/it]
Training 1/1 epoch (loss 0.5022):  39%|███▉      | 485/1250 [13:05<19:32,  1.53s/it]
Training 1/1 epoch (loss 0.2762):  39%|███▉      | 485/1250 [13:07<19:32,  1.53s/it]
Training 1/1 epoch (loss 0.2762):  39%|███▉      | 486/1250 [13:07<20:14,  1.59s/it]
Training 1/1 epoch (loss 0.7535):  39%|███▉      | 486/1250 [13:09<20:14,  1.59s/it]
Training 1/1 epoch (loss 0.7535):  39%|███▉      | 487/1250 [13:09<19:38,  1.54s/it]
Training 1/1 epoch (loss 0.6662):  39%|███▉      | 487/1250 [13:10<19:38,  1.54s/it]
Training 1/1 epoch (loss 0.6662):  39%|███▉      | 488/1250 [13:10<20:21,  1.60s/it]
Training 1/1 epoch (loss 0.5421):  39%|███▉      | 488/1250 [13:12<20:21,  1.60s/it]
Training 1/1 epoch (loss 0.5421):  39%|███▉      | 489/1250 [13:12<20:13,  1.59s/it]
Training 1/1 epoch (loss 0.4178):  39%|███▉      | 489/1250 [13:14<20:13,  1.59s/it]
Training 1/1 epoch (loss 0.4178):  39%|███▉      | 490/1250 [13:14<21:03,  1.66s/it]
Training 1/1 epoch (loss 0.5685):  39%|███▉      | 490/1250 [13:15<21:03,  1.66s/it]
Training 1/1 epoch (loss 0.5685):  39%|███▉      | 491/1250 [13:15<20:22,  1.61s/it]
Training 1/1 epoch (loss 0.8122):  39%|███▉      | 491/1250 [13:17<20:22,  1.61s/it]
Training 1/1 epoch (loss 0.8122):  39%|███▉      | 492/1250 [13:17<19:53,  1.57s/it]
Training 1/1 epoch (loss 0.4323):  39%|███▉      | 492/1250 [13:18<19:53,  1.57s/it]
Training 1/1 epoch (loss 0.4323):  39%|███▉      | 493/1250 [13:18<19:26,  1.54s/it]
Training 1/1 epoch (loss 0.3051):  39%|███▉      | 493/1250 [13:20<19:26,  1.54s/it]
Training 1/1 epoch (loss 0.3051):  40%|███▉      | 494/1250 [13:20<19:42,  1.56s/it]
Training 1/1 epoch (loss 0.5569):  40%|███▉      | 494/1250 [13:21<19:42,  1.56s/it]
Training 1/1 epoch (loss 0.5569):  40%|███▉      | 495/1250 [13:21<19:22,  1.54s/it]
Training 1/1 epoch (loss 0.4776):  40%|███▉      | 495/1250 [13:23<19:22,  1.54s/it]
Training 1/1 epoch (loss 0.4776):  40%|███▉      | 496/1250 [13:23<19:55,  1.58s/it]
Training 1/1 epoch (loss 0.7049):  40%|███▉      | 496/1250 [13:24<19:55,  1.58s/it]
Training 1/1 epoch (loss 0.7049):  40%|███▉      | 497/1250 [13:24<19:18,  1.54s/it]
Training 1/1 epoch (loss 0.5317):  40%|███▉      | 497/1250 [13:26<19:18,  1.54s/it]
Training 1/1 epoch (loss 0.5317):  40%|███▉      | 498/1250 [13:26<19:58,  1.59s/it]
Training 1/1 epoch (loss 1.5865):  40%|███▉      | 498/1250 [13:28<19:58,  1.59s/it]
Training 1/1 epoch (loss 1.5865):  40%|███▉      | 499/1250 [13:28<19:25,  1.55s/it][2025-05-26 17:26:42,716] [INFO] [logging.py:107:log_dist] [Rank 0] step=250, skipped=0, lr=[1.3616674616137902e-05, 1.3616674616137902e-05], mom=[[0.9, 0.95], [0.9, 0.95]]
[2025-05-26 17:26:42,717] [INFO] [timer.py:264:stop] epoch=0/micro_step=500/global_step=250, RunningAvgSamplesPerSec=3.998660322996308, CurrSamplesPerSec=3.887123486201996, MemAllocated=8.29GB, MaxMemAllocated=11.05GB

Training 1/1 epoch (loss 0.5762):  40%|███▉      | 499/1250 [13:29<19:25,  1.55s/it]
Training 1/1 epoch (loss 0.5762):  40%|████      | 500/1250 [13:29<20:02,  1.60s/it]
Training 1/1 epoch (loss 0.3711):  40%|████      | 500/1250 [13:31<20:02,  1.60s/it]
Training 1/1 epoch (loss 0.3711):  40%|████      | 501/1250 [13:31<19:26,  1.56s/it]
Training 1/1 epoch (loss 0.3564):  40%|████      | 501/1250 [13:32<19:26,  1.56s/it]
Training 1/1 epoch (loss 0.3564):  40%|████      | 502/1250 [13:32<18:56,  1.52s/it]
Training 1/1 epoch (loss 0.3961):  40%|████      | 502/1250 [13:34<18:56,  1.52s/it]
Training 1/1 epoch (loss 0.3961):  40%|████      | 503/1250 [13:34<18:42,  1.50s/it]
Training 1/1 epoch (loss 0.5746):  40%|████      | 503/1250 [13:35<18:42,  1.50s/it]
Training 1/1 epoch (loss 0.5746):  40%|████      | 504/1250 [13:35<19:27,  1.57s/it]
Training 1/1 epoch (loss 0.9361):  40%|████      | 504/1250 [13:37<19:27,  1.57s/it]
Training 1/1 epoch (loss 0.9361):  40%|████      | 505/1250 [13:37<19:04,  1.54s/it]
Training 1/1 epoch (loss 0.5767):  40%|████      | 505/1250 [13:39<19:04,  1.54s/it]
Training 1/1 epoch (loss 0.5767):  40%|████      | 506/1250 [13:39<19:42,  1.59s/it]
Training 1/1 epoch (loss 0.6613):  40%|████      | 506/1250 [13:40<19:42,  1.59s/it]
Training 1/1 epoch (loss 0.6613):  41%|████      | 507/1250 [13:40<19:20,  1.56s/it]
Training 1/1 epoch (loss 0.2825):  41%|████      | 507/1250 [13:42<19:20,  1.56s/it]
Training 1/1 epoch (loss 0.2825):  41%|████      | 508/1250 [13:42<20:15,  1.64s/it]
Training 1/1 epoch (loss 0.7092):  41%|████      | 508/1250 [13:43<20:15,  1.64s/it]
Training 1/1 epoch (loss 0.7092):  41%|████      | 509/1250 [13:43<19:49,  1.61s/it]
Training 1/1 epoch (loss 0.8392):  41%|████      | 509/1250 [13:45<19:49,  1.61s/it]
Training 1/1 epoch (loss 0.8392):  41%|████      | 510/1250 [13:45<20:30,  1.66s/it]
Training 1/1 epoch (loss 0.6587):  41%|████      | 510/1250 [13:47<20:30,  1.66s/it]
Training 1/1 epoch (loss 0.6587):  41%|████      | 511/1250 [13:47<19:38,  1.59s/it]
Training 1/1 epoch (loss 0.9908):  41%|████      | 511/1250 [13:48<19:38,  1.59s/it]
Training 1/1 epoch (loss 0.9908):  41%|████      | 512/1250 [13:48<20:06,  1.63s/it]
Training 1/1 epoch (loss 0.4164):  41%|████      | 512/1250 [13:50<20:06,  1.63s/it]
Training 1/1 epoch (loss 0.4164):  41%|████      | 513/1250 [13:50<19:38,  1.60s/it]
Training 1/1 epoch (loss 0.6519):  41%|████      | 513/1250 [13:52<19:38,  1.60s/it]
Training 1/1 epoch (loss 0.6519):  41%|████      | 514/1250 [13:52<20:15,  1.65s/it]
Training 1/1 epoch (loss 0.4093):  41%|████      | 514/1250 [13:53<20:15,  1.65s/it]
Training 1/1 epoch (loss 0.4093):  41%|████      | 515/1250 [13:53<19:36,  1.60s/it]
Training 1/1 epoch (loss 0.7962):  41%|████      | 515/1250 [13:55<19:36,  1.60s/it]
Training 1/1 epoch (loss 0.7962):  41%|████▏     | 516/1250 [13:55<19:50,  1.62s/it]
Training 1/1 epoch (loss 1.2669):  41%|████▏     | 516/1250 [13:56<19:50,  1.62s/it]
Training 1/1 epoch (loss 1.2669):  41%|████▏     | 517/1250 [13:56<19:18,  1.58s/it]
Training 1/1 epoch (loss 0.4275):  41%|████▏     | 517/1250 [13:58<19:18,  1.58s/it]
Training 1/1 epoch (loss 0.4275):  41%|████▏     | 518/1250 [13:58<19:55,  1.63s/it]
Training 1/1 epoch (loss 0.8442):  41%|████▏     | 518/1250 [14:00<19:55,  1.63s/it]
Training 1/1 epoch (loss 0.8442):  42%|████▏     | 519/1250 [14:00<19:27,  1.60s/it][2025-05-26 17:27:14,679] [INFO] [logging.py:107:log_dist] [Rank 0] step=260, skipped=0, lr=[1.3129521691070108e-05, 1.3129521691070108e-05], mom=[[0.9, 0.95], [0.9, 0.95]]
[2025-05-26 17:27:14,680] [INFO] [timer.py:264:stop] epoch=0/micro_step=520/global_step=260, RunningAvgSamplesPerSec=3.9961475078758646, CurrSamplesPerSec=3.78667112779198, MemAllocated=8.29GB, MaxMemAllocated=11.05GB

Training 1/1 epoch (loss 0.3471):  42%|████▏     | 519/1250 [14:01<19:27,  1.60s/it]
Training 1/1 epoch (loss 0.3471):  42%|████▏     | 520/1250 [14:01<19:53,  1.63s/it]
Training 1/1 epoch (loss 0.7982):  42%|████▏     | 520/1250 [14:03<19:53,  1.63s/it]
Training 1/1 epoch (loss 0.7982):  42%|████▏     | 521/1250 [14:03<19:26,  1.60s/it]
Training 1/1 epoch (loss 0.4848):  42%|████▏     | 521/1250 [14:05<19:26,  1.60s/it]
Training 1/1 epoch (loss 0.4848):  42%|████▏     | 522/1250 [14:05<20:09,  1.66s/it]
Training 1/1 epoch (loss 1.0985):  42%|████▏     | 522/1250 [14:06<20:09,  1.66s/it]
Training 1/1 epoch (loss 1.0985):  42%|████▏     | 523/1250 [14:06<19:35,  1.62s/it]
Training 1/1 epoch (loss 0.5896):  42%|████▏     | 523/1250 [14:08<19:35,  1.62s/it]
Training 1/1 epoch (loss 0.5896):  42%|████▏     | 524/1250 [14:08<19:55,  1.65s/it]
Training 1/1 epoch (loss 0.4051):  42%|████▏     | 524/1250 [14:09<19:55,  1.65s/it]
Training 1/1 epoch (loss 0.4051):  42%|████▏     | 525/1250 [14:09<18:28,  1.53s/it]
Training 1/1 epoch (loss 0.4555):  42%|████▏     | 525/1250 [14:11<18:28,  1.53s/it]
Training 1/1 epoch (loss 0.4555):  42%|████▏     | 526/1250 [14:11<19:11,  1.59s/it]
Training 1/1 epoch (loss 0.6146):  42%|████▏     | 526/1250 [14:12<19:11,  1.59s/it]
Training 1/1 epoch (loss 0.6146):  42%|████▏     | 527/1250 [14:12<18:49,  1.56s/it]
Training 1/1 epoch (loss 0.8314):  42%|████▏     | 527/1250 [14:14<18:49,  1.56s/it]
Training 1/1 epoch (loss 0.8314):  42%|████▏     | 528/1250 [14:14<19:26,  1.62s/it]
Training 1/1 epoch (loss 0.5194):  42%|████▏     | 528/1250 [14:16<19:26,  1.62s/it]
Training 1/1 epoch (loss 0.5194):  42%|████▏     | 529/1250 [14:16<18:51,  1.57s/it]
Training 1/1 epoch (loss 0.6260):  42%|████▏     | 529/1250 [14:17<18:51,  1.57s/it]
Training 1/1 epoch (loss 0.6260):  42%|████▏     | 530/1250 [14:17<19:17,  1.61s/it]
Training 1/1 epoch (loss 0.5659):  42%|████▏     | 530/1250 [14:19<19:17,  1.61s/it]
Training 1/1 epoch (loss 0.5659):  42%|████▏     | 531/1250 [14:19<18:53,  1.58s/it]
Training 1/1 epoch (loss 0.4909):  42%|████▏     | 531/1250 [14:21<18:53,  1.58s/it]
Training 1/1 epoch (loss 0.4909):  43%|████▎     | 532/1250 [14:21<19:32,  1.63s/it]
Training 1/1 epoch (loss 0.9537):  43%|████▎     | 532/1250 [14:22<19:32,  1.63s/it]
Training 1/1 epoch (loss 0.9537):  43%|████▎     | 533/1250 [14:22<19:00,  1.59s/it]
Training 1/1 epoch (loss 0.7106):  43%|████▎     | 533/1250 [14:24<19:00,  1.59s/it]
Training 1/1 epoch (loss 0.7106):  43%|████▎     | 534/1250 [14:24<19:28,  1.63s/it]
Training 1/1 epoch (loss 0.7105):  43%|████▎     | 534/1250 [14:25<19:28,  1.63s/it]
Training 1/1 epoch (loss 0.7105):  43%|████▎     | 535/1250 [14:25<18:47,  1.58s/it]
Training 1/1 epoch (loss 0.3078):  43%|████▎     | 535/1250 [14:27<18:47,  1.58s/it]
Training 1/1 epoch (loss 0.3078):  43%|████▎     | 536/1250 [14:27<19:21,  1.63s/it]
Training 1/1 epoch (loss 0.7402):  43%|████▎     | 536/1250 [14:29<19:21,  1.63s/it]
Training 1/1 epoch (loss 0.7402):  43%|████▎     | 537/1250 [14:29<20:19,  1.71s/it]
Training 1/1 epoch (loss 0.4993):  43%|████▎     | 537/1250 [14:31<20:19,  1.71s/it]
Training 1/1 epoch (loss 0.4993):  43%|████▎     | 538/1250 [14:31<22:07,  1.87s/it]
Training 1/1 epoch (loss 0.5422):  43%|████▎     | 538/1250 [14:33<22:07,  1.87s/it]
Training 1/1 epoch (loss 0.5422):  43%|████▎     | 539/1250 [14:33<21:37,  1.83s/it][2025-05-26 17:27:47,912] [INFO] [logging.py:107:log_dist] [Rank 0] step=270, skipped=0, lr=[1.2633987620466229e-05, 1.2633987620466229e-05], mom=[[0.9, 0.95], [0.9, 0.95]]
[2025-05-26 17:27:47,913] [INFO] [timer.py:264:stop] epoch=0/micro_step=540/global_step=270, RunningAvgSamplesPerSec=3.9909306685138604, CurrSamplesPerSec=3.888825934149438, MemAllocated=8.29GB, MaxMemAllocated=11.05GB

Training 1/1 epoch (loss 0.5028):  43%|████▎     | 539/1250 [14:35<21:37,  1.83s/it]
Training 1/1 epoch (loss 0.5028):  43%|████▎     | 540/1250 [14:35<22:26,  1.90s/it]
Training 1/1 epoch (loss 0.7667):  43%|████▎     | 540/1250 [14:37<22:26,  1.90s/it]
Training 1/1 epoch (loss 0.7667):  43%|████▎     | 541/1250 [14:37<22:12,  1.88s/it]
Training 1/1 epoch (loss 0.5916):  43%|████▎     | 541/1250 [14:39<22:12,  1.88s/it]
Training 1/1 epoch (loss 0.5916):  43%|████▎     | 542/1250 [14:39<22:58,  1.95s/it]
Training 1/1 epoch (loss 1.0784):  43%|████▎     | 542/1250 [14:41<22:58,  1.95s/it]
Training 1/1 epoch (loss 1.0784):  43%|████▎     | 543/1250 [14:41<22:37,  1.92s/it]
Training 1/1 epoch (loss 0.4846):  43%|████▎     | 543/1250 [14:42<22:37,  1.92s/it]
Training 1/1 epoch (loss 0.4846):  44%|████▎     | 544/1250 [14:42<22:00,  1.87s/it]
Training 1/1 epoch (loss 0.5395):  44%|████▎     | 544/1250 [14:44<22:00,  1.87s/it]
Training 1/1 epoch (loss 0.5395):  44%|████▎     | 545/1250 [14:44<22:01,  1.87s/it]
Training 1/1 epoch (loss 0.3849):  44%|████▎     | 545/1250 [14:46<22:01,  1.87s/it]
Training 1/1 epoch (loss 0.3849):  44%|████▎     | 546/1250 [14:46<22:52,  1.95s/it]
Training 1/1 epoch (loss 0.6481):  44%|████▎     | 546/1250 [14:48<22:52,  1.95s/it]
Training 1/1 epoch (loss 0.6481):  44%|████▍     | 547/1250 [14:48<22:23,  1.91s/it]
Training 1/1 epoch (loss 0.4847):  44%|████▍     | 547/1250 [14:50<22:23,  1.91s/it]
Training 1/1 epoch (loss 0.4847):  44%|████▍     | 548/1250 [14:50<23:01,  1.97s/it]
Training 1/1 epoch (loss 1.1910):  44%|████▍     | 548/1250 [14:52<23:01,  1.97s/it]
Training 1/1 epoch (loss 1.1910):  44%|████▍     | 549/1250 [14:52<22:32,  1.93s/it]
Training 1/1 epoch (loss 0.6684):  44%|████▍     | 549/1250 [14:54<22:32,  1.93s/it]
Training 1/1 epoch (loss 0.6684):  44%|████▍     | 550/1250 [14:54<22:56,  1.97s/it]
Training 1/1 epoch (loss 0.6622):  44%|████▍     | 550/1250 [14:56<22:56,  1.97s/it]
Training 1/1 epoch (loss 0.6622):  44%|████▍     | 551/1250 [14:56<22:24,  1.92s/it]
Training 1/1 epoch (loss 0.8026):  44%|████▍     | 551/1250 [14:58<22:24,  1.92s/it]
Training 1/1 epoch (loss 0.8026):  44%|████▍     | 552/1250 [14:58<22:52,  1.97s/it]
Training 1/1 epoch (loss 0.7833):  44%|████▍     | 552/1250 [15:00<22:52,  1.97s/it]
Training 1/1 epoch (loss 0.7833):  44%|████▍     | 553/1250 [15:00<22:19,  1.92s/it]
Training 1/1 epoch (loss 0.4217):  44%|████▍     | 553/1250 [15:02<22:19,  1.92s/it]
Training 1/1 epoch (loss 0.4217):  44%|████▍     | 554/1250 [15:02<22:54,  1.97s/it]
Training 1/1 epoch (loss 0.9520):  44%|████▍     | 554/1250 [15:04<22:54,  1.97s/it]
Training 1/1 epoch (loss 0.9520):  44%|████▍     | 555/1250 [15:04<22:28,  1.94s/it]
Training 1/1 epoch (loss 0.6760):  44%|████▍     | 555/1250 [15:06<22:28,  1.94s/it]
Training 1/1 epoch (loss 0.6760):  44%|████▍     | 556/1250 [15:06<22:59,  1.99s/it]
Training 1/1 epoch (loss 0.7502):  44%|████▍     | 556/1250 [15:08<22:59,  1.99s/it]
Training 1/1 epoch (loss 0.7502):  45%|████▍     | 557/1250 [15:08<22:31,  1.95s/it]
Training 1/1 epoch (loss 0.2420):  45%|████▍     | 557/1250 [15:10<22:31,  1.95s/it]
Training 1/1 epoch (loss 0.2420):  45%|████▍     | 558/1250 [15:10<23:07,  2.01s/it]
Training 1/1 epoch (loss 0.5670):  45%|████▍     | 558/1250 [15:12<23:07,  2.01s/it]
Training 1/1 epoch (loss 0.5670):  45%|████▍     | 559/1250 [15:12<22:24,  1.95s/it][2025-05-26 17:28:26,944] [INFO] [logging.py:107:log_dist] [Rank 0] step=280, skipped=0, lr=[1.213139948992394e-05, 1.213139948992394e-05], mom=[[0.9, 0.95], [0.9, 0.95]]
[2025-05-26 17:28:26,945] [INFO] [timer.py:264:stop] epoch=0/micro_step=560/global_step=280, RunningAvgSamplesPerSec=3.9801786581576555, CurrSamplesPerSec=3.6975871533522464, MemAllocated=8.29GB, MaxMemAllocated=11.05GB

Training 1/1 epoch (loss 0.7754):  45%|████▍     | 559/1250 [15:14<22:24,  1.95s/it]
Training 1/1 epoch (loss 0.7754):  45%|████▍     | 560/1250 [15:14<21:57,  1.91s/it]
Training 1/1 epoch (loss 0.5082):  45%|████▍     | 560/1250 [15:15<21:57,  1.91s/it]
Training 1/1 epoch (loss 0.5082):  45%|████▍     | 561/1250 [15:15<20:17,  1.77s/it]
Training 1/1 epoch (loss 0.6651):  45%|████▍     | 561/1250 [15:17<20:17,  1.77s/it]
Training 1/1 epoch (loss 0.6651):  45%|████▍     | 562/1250 [15:17<19:09,  1.67s/it]
Training 1/1 epoch (loss 1.1303):  45%|████▍     | 562/1250 [15:18<19:09,  1.67s/it]
Training 1/1 epoch (loss 1.1303):  45%|████▌     | 563/1250 [15:18<18:25,  1.61s/it]
Training 1/1 epoch (loss 0.6430):  45%|████▌     | 563/1250 [15:20<18:25,  1.61s/it]
Training 1/1 epoch (loss 0.6430):  45%|████▌     | 564/1250 [15:20<18:39,  1.63s/it]
Training 1/1 epoch (loss 0.7960):  45%|████▌     | 564/1250 [15:21<18:39,  1.63s/it]
Training 1/1 epoch (loss 0.7960):  45%|████▌     | 565/1250 [15:21<18:08,  1.59s/it]
Training 1/1 epoch (loss 0.6290):  45%|████▌     | 565/1250 [15:23<18:08,  1.59s/it]
Training 1/1 epoch (loss 0.6290):  45%|████▌     | 566/1250 [15:23<18:38,  1.63s/it]
Training 1/1 epoch (loss 0.8306):  45%|████▌     | 566/1250 [15:24<18:38,  1.63s/it]
Training 1/1 epoch (loss 0.8306):  45%|████▌     | 567/1250 [15:24<18:10,  1.60s/it]
Training 1/1 epoch (loss 0.7149):  45%|████▌     | 567/1250 [15:26<18:10,  1.60s/it]
Training 1/1 epoch (loss 0.7149):  45%|████▌     | 568/1250 [15:26<18:29,  1.63s/it]
Training 1/1 epoch (loss 0.6841):  45%|████▌     | 568/1250 [15:28<18:29,  1.63s/it]
Training 1/1 epoch (loss 0.6841):  46%|████▌     | 569/1250 [15:28<18:13,  1.61s/it]
Training 1/1 epoch (loss 0.8393):  46%|████▌     | 569/1250 [15:29<18:13,  1.61s/it]
Training 1/1 epoch (loss 0.8393):  46%|████▌     | 570/1250 [15:29<18:40,  1.65s/it]
Training 1/1 epoch (loss 0.6738):  46%|████▌     | 570/1250 [15:31<18:40,  1.65s/it]
Training 1/1 epoch (loss 0.6738):  46%|████▌     | 571/1250 [15:31<17:39,  1.56s/it]
Training 1/1 epoch (loss 0.6346):  46%|████▌     | 571/1250 [15:32<17:39,  1.56s/it]
Training 1/1 epoch (loss 0.6346):  46%|████▌     | 572/1250 [15:32<18:03,  1.60s/it]
Training 1/1 epoch (loss 0.7166):  46%|████▌     | 572/1250 [15:34<18:03,  1.60s/it]
Training 1/1 epoch (loss 0.7166):  46%|████▌     | 573/1250 [15:34<17:50,  1.58s/it]
Training 1/1 epoch (loss 0.6223):  46%|████▌     | 573/1250 [15:35<17:50,  1.58s/it]
Training 1/1 epoch (loss 0.6223):  46%|████▌     | 574/1250 [15:35<17:28,  1.55s/it]
Training 1/1 epoch (loss 0.7915):  46%|████▌     | 574/1250 [15:37<17:28,  1.55s/it]
Training 1/1 epoch (loss 0.7915):  46%|████▌     | 575/1250 [15:37<17:10,  1.53s/it]
Training 1/1 epoch (loss 0.6732):  46%|████▌     | 575/1250 [15:39<17:10,  1.53s/it]
Training 1/1 epoch (loss 0.6732):  46%|████▌     | 576/1250 [15:39<17:46,  1.58s/it]
Training 1/1 epoch (loss 0.5556):  46%|████▌     | 576/1250 [15:40<17:46,  1.58s/it]
Training 1/1 epoch (loss 0.5556):  46%|████▌     | 577/1250 [15:40<17:25,  1.55s/it]
Training 1/1 epoch (loss 0.6246):  46%|████▌     | 577/1250 [15:42<17:25,  1.55s/it]
Training 1/1 epoch (loss 0.6246):  46%|████▌     | 578/1250 [15:42<18:01,  1.61s/it]
Training 1/1 epoch (loss 0.5807):  46%|████▌     | 578/1250 [15:43<18:01,  1.61s/it]
Training 1/1 epoch (loss 0.5807):  46%|████▋     | 579/1250 [15:43<17:30,  1.57s/it][2025-05-26 17:28:58,430] [INFO] [logging.py:107:log_dist] [Rank 0] step=290, skipped=0, lr=[1.1623103276459086e-05, 1.1623103276459086e-05], mom=[[0.9, 0.95], [0.9, 0.95]]
[2025-05-26 17:28:58,431] [INFO] [timer.py:264:stop] epoch=0/micro_step=580/global_step=290, RunningAvgSamplesPerSec=3.981069509153855, CurrSamplesPerSec=3.852982624407352, MemAllocated=8.29GB, MaxMemAllocated=11.05GB

Training 1/1 epoch (loss 0.6235):  46%|████▋     | 579/1250 [15:45<17:30,  1.57s/it]
Training 1/1 epoch (loss 0.6235):  46%|████▋     | 580/1250 [15:45<18:06,  1.62s/it]
Training 1/1 epoch (loss 0.6395):  46%|████▋     | 580/1250 [15:47<18:06,  1.62s/it]
Training 1/1 epoch (loss 0.6395):  46%|████▋     | 581/1250 [15:47<17:39,  1.58s/it]
Training 1/1 epoch (loss 0.5964):  46%|████▋     | 581/1250 [15:48<17:39,  1.58s/it]
Training 1/1 epoch (loss 0.5964):  47%|████▋     | 582/1250 [15:48<17:12,  1.55s/it]
Training 1/1 epoch (loss 0.6813):  47%|████▋     | 582/1250 [15:49<17:12,  1.55s/it]
Training 1/1 epoch (loss 0.6813):  47%|████▋     | 583/1250 [15:49<16:51,  1.52s/it]
Training 1/1 epoch (loss 0.6431):  47%|████▋     | 583/1250 [15:51<16:51,  1.52s/it]
Training 1/1 epoch (loss 0.6431):  47%|████▋     | 584/1250 [15:51<17:30,  1.58s/it]
Training 1/1 epoch (loss 0.6040):  47%|████▋     | 584/1250 [15:53<17:30,  1.58s/it]
Training 1/1 epoch (loss 0.6040):  47%|████▋     | 585/1250 [15:53<16:54,  1.52s/it]
Training 1/1 epoch (loss 0.6188):  47%|████▋     | 585/1250 [15:54<16:54,  1.52s/it]
Training 1/1 epoch (loss 0.6188):  47%|████▋     | 586/1250 [15:54<17:31,  1.58s/it]
Training 1/1 epoch (loss 0.6449):  47%|████▋     | 586/1250 [15:56<17:31,  1.58s/it]
Training 1/1 epoch (loss 0.6449):  47%|████▋     | 587/1250 [15:56<17:06,  1.55s/it]
Training 1/1 epoch (loss 0.5177):  47%|████▋     | 587/1250 [15:58<17:06,  1.55s/it]
Training 1/1 epoch (loss 0.5177):  47%|████▋     | 588/1250 [15:58<17:50,  1.62s/it]
Training 1/1 epoch (loss 0.6681):  47%|████▋     | 588/1250 [15:59<17:50,  1.62s/it]
Training 1/1 epoch (loss 0.6681):  47%|████▋     | 589/1250 [15:59<18:30,  1.68s/it]
Training 1/1 epoch (loss 0.6678):  47%|████▋     | 589/1250 [16:01<18:30,  1.68s/it]
Training 1/1 epoch (loss 0.6678):  47%|████▋     | 590/1250 [16:01<18:39,  1.70s/it]
Training 1/1 epoch (loss 0.5432):  47%|████▋     | 590/1250 [16:02<18:39,  1.70s/it]
Training 1/1 epoch (loss 0.5432):  47%|████▋     | 591/1250 [16:02<17:02,  1.55s/it]
Training 1/1 epoch (loss 0.7859):  47%|████▋     | 591/1250 [16:04<17:02,  1.55s/it]
Training 1/1 epoch (loss 0.7859):  47%|████▋     | 592/1250 [16:04<17:33,  1.60s/it]
Training 1/1 epoch (loss 0.4632):  47%|████▋     | 592/1250 [16:06<17:33,  1.60s/it]
Training 1/1 epoch (loss 0.4632):  47%|████▋     | 593/1250 [16:06<18:22,  1.68s/it]
Training 1/1 epoch (loss 0.6774):  47%|████▋     | 593/1250 [16:08<18:22,  1.68s/it]
Training 1/1 epoch (loss 0.6774):  48%|████▊     | 594/1250 [16:08<18:26,  1.69s/it]
Training 1/1 epoch (loss 0.8644):  48%|████▊     | 594/1250 [16:09<18:26,  1.69s/it]
Training 1/1 epoch (loss 0.8644):  48%|████▊     | 595/1250 [16:09<17:38,  1.62s/it]
Training 1/1 epoch (loss 0.5652):  48%|████▊     | 595/1250 [16:11<17:38,  1.62s/it]
Training 1/1 epoch (loss 0.5652):  48%|████▊     | 596/1250 [16:11<17:51,  1.64s/it]
Training 1/1 epoch (loss 0.8588):  48%|████▊     | 596/1250 [16:12<17:51,  1.64s/it]
Training 1/1 epoch (loss 0.8588):  48%|████▊     | 597/1250 [16:12<17:10,  1.58s/it]
Training 1/1 epoch (loss 0.5855):  48%|████▊     | 597/1250 [16:14<17:10,  1.58s/it]
Training 1/1 epoch (loss 0.5855):  48%|████▊     | 598/1250 [16:14<17:25,  1.60s/it]
Training 1/1 epoch (loss 0.7684):  48%|████▊     | 598/1250 [16:15<17:25,  1.60s/it]
Training 1/1 epoch (loss 0.7684):  48%|████▊     | 599/1250 [16:15<16:59,  1.57s/it][2025-05-26 17:29:30,427] [INFO] [logging.py:107:log_dist] [Rank 0] step=300, skipped=0, lr=[1.1110460243856051e-05, 1.1110460243856051e-05], mom=[[0.9, 0.95], [0.9, 0.95]]
[2025-05-26 17:29:30,428] [INFO] [timer.py:264:stop] epoch=0/micro_step=600/global_step=300, RunningAvgSamplesPerSec=3.981951161229759, CurrSamplesPerSec=3.940683022703619, MemAllocated=8.29GB, MaxMemAllocated=11.05GB

Training 1/1 epoch (loss 0.5113):  48%|████▊     | 599/1250 [16:17<16:59,  1.57s/it]
Training 1/1 epoch (loss 0.5113):  48%|████▊     | 600/1250 [16:17<17:27,  1.61s/it]
Training 1/1 epoch (loss 0.7308):  48%|████▊     | 600/1250 [16:19<17:27,  1.61s/it]
Training 1/1 epoch (loss 0.7308):  48%|████▊     | 601/1250 [16:19<16:53,  1.56s/it]
Training 1/1 epoch (loss 0.3448):  48%|████▊     | 601/1250 [16:20<16:53,  1.56s/it]
Training 1/1 epoch (loss 0.3448):  48%|████▊     | 602/1250 [16:20<17:25,  1.61s/it]
Training 1/1 epoch (loss 0.8628):  48%|████▊     | 602/1250 [16:22<17:25,  1.61s/it]
Training 1/1 epoch (loss 0.8628):  48%|████▊     | 603/1250 [16:22<16:46,  1.55s/it]
Training 1/1 epoch (loss 0.8767):  48%|████▊     | 603/1250 [16:23<16:46,  1.55s/it]
Training 1/1 epoch (loss 0.8767):  48%|████▊     | 604/1250 [16:23<17:17,  1.61s/it]
Training 1/1 epoch (loss 0.5621):  48%|████▊     | 604/1250 [16:25<17:17,  1.61s/it]
Training 1/1 epoch (loss 0.5621):  48%|████▊     | 605/1250 [16:25<16:43,  1.56s/it]
Training 1/1 epoch (loss 0.7989):  48%|████▊     | 605/1250 [16:26<16:43,  1.56s/it]
Training 1/1 epoch (loss 0.7989):  48%|████▊     | 606/1250 [16:26<16:19,  1.52s/it]
Training 1/1 epoch (loss 0.8539):  48%|████▊     | 606/1250 [16:27<16:19,  1.52s/it]
Training 1/1 epoch (loss 0.8539):  49%|████▊     | 607/1250 [16:27<15:11,  1.42s/it]
Training 1/1 epoch (loss 0.4210):  49%|████▊     | 607/1250 [16:29<15:11,  1.42s/it]
Training 1/1 epoch (loss 0.4210):  49%|████▊     | 608/1250 [16:29<16:00,  1.50s/it]
Training 1/1 epoch (loss 0.8273):  49%|████▊     | 608/1250 [16:31<16:00,  1.50s/it]
Training 1/1 epoch (loss 0.8273):  49%|████▊     | 609/1250 [16:31<15:49,  1.48s/it]
Training 1/1 epoch (loss 0.8258):  49%|████▊     | 609/1250 [16:32<15:49,  1.48s/it]
Training 1/1 epoch (loss 0.8258):  49%|████▉     | 610/1250 [16:32<16:36,  1.56s/it]
Training 1/1 epoch (loss 0.5792):  49%|████▉     | 610/1250 [16:34<16:36,  1.56s/it]
Training 1/1 epoch (loss 0.5792):  49%|████▉     | 611/1250 [16:34<16:32,  1.55s/it]
Training 1/1 epoch (loss 0.4558):  49%|████▉     | 611/1250 [16:36<16:32,  1.55s/it]
Training 1/1 epoch (loss 0.4558):  49%|████▉     | 612/1250 [16:36<17:03,  1.60s/it]
Training 1/1 epoch (loss 0.7604):  49%|████▉     | 612/1250 [16:37<17:03,  1.60s/it]
Training 1/1 epoch (loss 0.7604):  49%|████▉     | 613/1250 [16:37<16:33,  1.56s/it]
Training 1/1 epoch (loss 0.8971):  49%|████▉     | 613/1250 [16:39<16:33,  1.56s/it]
Training 1/1 epoch (loss 0.8971):  49%|████▉     | 614/1250 [16:39<16:58,  1.60s/it]
Training 1/1 epoch (loss 0.9841):  49%|████▉     | 614/1250 [16:40<16:58,  1.60s/it]
Training 1/1 epoch (loss 0.9841):  49%|████▉     | 615/1250 [16:40<16:36,  1.57s/it]
Training 1/1 epoch (loss 0.4705):  49%|████▉     | 615/1250 [16:42<16:36,  1.57s/it]
Training 1/1 epoch (loss 0.4705):  49%|████▉     | 616/1250 [16:42<16:59,  1.61s/it]
Training 1/1 epoch (loss 0.5737):  49%|████▉     | 616/1250 [16:43<16:59,  1.61s/it]
Training 1/1 epoch (loss 0.5737):  49%|████▉     | 617/1250 [16:43<16:33,  1.57s/it]
Training 1/1 epoch (loss 0.4527):  49%|████▉     | 617/1250 [16:45<16:33,  1.57s/it]
Training 1/1 epoch (loss 0.4527):  49%|████▉     | 618/1250 [16:45<17:02,  1.62s/it]
Training 1/1 epoch (loss 0.5427):  49%|████▉     | 618/1250 [16:47<17:02,  1.62s/it]
Training 1/1 epoch (loss 0.5427):  50%|████▉     | 619/1250 [16:47<16:42,  1.59s/it][2025-05-26 17:30:01,792] [INFO] [logging.py:107:log_dist] [Rank 0] step=310, skipped=0, lr=[1.0594843297078736e-05, 1.0594843297078736e-05], mom=[[0.9, 0.95], [0.9, 0.95]]
[2025-05-26 17:30:01,793] [INFO] [timer.py:264:stop] epoch=0/micro_step=620/global_step=310, RunningAvgSamplesPerSec=3.9837000234290056, CurrSamplesPerSec=3.793093261257138, MemAllocated=8.29GB, MaxMemAllocated=11.05GB

Training 1/1 epoch (loss 0.3103):  50%|████▉     | 619/1250 [16:49<16:42,  1.59s/it]
Training 1/1 epoch (loss 0.3103):  50%|████▉     | 620/1250 [16:49<17:44,  1.69s/it]
Training 1/1 epoch (loss 0.6108):  50%|████▉     | 620/1250 [16:50<17:44,  1.69s/it]
Training 1/1 epoch (loss 0.6108):  50%|████▉     | 621/1250 [16:50<16:17,  1.55s/it]
Training 1/1 epoch (loss 0.5458):  50%|████▉     | 621/1250 [16:52<16:17,  1.55s/it]
Training 1/1 epoch (loss 0.5458):  50%|████▉     | 622/1250 [16:52<16:51,  1.61s/it]
Training 1/1 epoch (loss 0.6207):  50%|████▉     | 622/1250 [16:53<16:51,  1.61s/it]
Training 1/1 epoch (loss 0.6207):  50%|████▉     | 623/1250 [16:53<16:27,  1.58s/it]
Training 1/1 epoch (loss 0.6970):  50%|████▉     | 623/1250 [16:55<16:27,  1.58s/it]
Training 1/1 epoch (loss 0.6970):  50%|████▉     | 624/1250 [16:55<17:10,  1.65s/it]
Training 1/1 epoch (loss 0.4869):  50%|████▉     | 624/1250 [16:56<17:10,  1.65s/it]
Training 1/1 epoch (loss 0.4869):  50%|█████     | 625/1250 [16:56<16:37,  1.60s/it]
Training 1/1 epoch (loss 0.5397):  50%|█████     | 625/1250 [16:58<16:37,  1.60s/it]
Training 1/1 epoch (loss 0.5397):  50%|█████     | 626/1250 [16:58<17:01,  1.64s/it]
Training 1/1 epoch (loss 0.5550):  50%|█████     | 626/1250 [17:00<17:01,  1.64s/it]
Training 1/1 epoch (loss 0.5550):  50%|█████     | 627/1250 [17:00<16:21,  1.58s/it]
Training 1/1 epoch (loss 0.7953):  50%|█████     | 627/1250 [17:01<16:21,  1.58s/it]
Training 1/1 epoch (loss 0.7953):  50%|█████     | 628/1250 [17:01<16:40,  1.61s/it]
Training 1/1 epoch (loss 0.5996):  50%|█████     | 628/1250 [17:03<16:40,  1.61s/it]
Training 1/1 epoch (loss 0.5996):  50%|█████     | 629/1250 [17:03<16:04,  1.55s/it]
Training 1/1 epoch (loss 0.7630):  50%|█████     | 629/1250 [17:04<16:04,  1.55s/it]
Training 1/1 epoch (loss 0.7630):  50%|█████     | 630/1250 [17:04<15:41,  1.52s/it]
Training 1/1 epoch (loss 0.6837):  50%|█████     | 630/1250 [17:06<15:41,  1.52s/it]
Training 1/1 epoch (loss 0.6837):  50%|█████     | 631/1250 [17:06<15:35,  1.51s/it]
Training 1/1 epoch (loss 0.8899):  50%|█████     | 631/1250 [17:07<15:35,  1.51s/it]
Training 1/1 epoch (loss 0.8899):  51%|█████     | 632/1250 [17:07<15:24,  1.50s/it]
Training 1/1 epoch (loss 0.5369):  51%|█████     | 632/1250 [17:08<15:24,  1.50s/it]
Training 1/1 epoch (loss 0.5369):  51%|█████     | 633/1250 [17:08<15:19,  1.49s/it]
Training 1/1 epoch (loss 0.5294):  51%|█████     | 633/1250 [17:10<15:19,  1.49s/it]
Training 1/1 epoch (loss 0.5294):  51%|█████     | 634/1250 [17:10<16:08,  1.57s/it]
Training 1/1 epoch (loss 0.5838):  51%|█████     | 634/1250 [17:12<16:08,  1.57s/it]
Training 1/1 epoch (loss 0.5838):  51%|█████     | 635/1250 [17:12<15:44,  1.54s/it]
Training 1/1 epoch (loss 0.7034):  51%|█████     | 635/1250 [17:13<15:44,  1.54s/it]
Training 1/1 epoch (loss 0.7034):  51%|█████     | 636/1250 [17:13<16:10,  1.58s/it]
Training 1/1 epoch (loss 0.4967):  51%|█████     | 636/1250 [17:15<16:10,  1.58s/it]
Training 1/1 epoch (loss 0.4967):  51%|█████     | 637/1250 [17:15<15:42,  1.54s/it]
Training 1/1 epoch (loss 0.7931):  51%|█████     | 637/1250 [17:17<15:42,  1.54s/it]
Training 1/1 epoch (loss 0.7931):  51%|█████     | 638/1250 [17:17<16:07,  1.58s/it]
Training 1/1 epoch (loss 0.5908):  51%|█████     | 638/1250 [17:18<16:07,  1.58s/it]
Training 1/1 epoch (loss 0.5908):  51%|█████     | 639/1250 [17:18<15:38,  1.54s/it][2025-05-26 17:30:32,967] [INFO] [logging.py:107:log_dist] [Rank 0] step=320, skipped=0, lr=[1.0077633305505402e-05, 1.0077633305505402e-05], mom=[[0.9, 0.95], [0.9, 0.95]]
[2025-05-26 17:30:32,968] [INFO] [timer.py:264:stop] epoch=0/micro_step=640/global_step=320, RunningAvgSamplesPerSec=3.985907645261082, CurrSamplesPerSec=4.027508658592903, MemAllocated=8.29GB, MaxMemAllocated=11.05GB

Training 1/1 epoch (loss 0.7461):  51%|█████     | 639/1250 [17:20<15:38,  1.54s/it]
Training 1/1 epoch (loss 0.7461):  51%|█████     | 640/1250 [17:20<16:03,  1.58s/it]
Training 1/1 epoch (loss 0.4051):  51%|█████     | 640/1250 [17:21<16:03,  1.58s/it]
Training 1/1 epoch (loss 0.4051):  51%|█████▏    | 641/1250 [17:21<15:45,  1.55s/it]
Training 1/1 epoch (loss 0.8757):  51%|█████▏    | 641/1250 [17:23<15:45,  1.55s/it]
Training 1/1 epoch (loss 0.8757):  51%|█████▏    | 642/1250 [17:23<16:04,  1.59s/it]
Training 1/1 epoch (loss 0.7455):  51%|█████▏    | 642/1250 [17:24<16:04,  1.59s/it]
Training 1/1 epoch (loss 0.7455):  51%|█████▏    | 643/1250 [17:24<15:41,  1.55s/it]
Training 1/1 epoch (loss 0.3602):  51%|█████▏    | 643/1250 [17:26<15:41,  1.55s/it]
Training 1/1 epoch (loss 0.3602):  52%|█████▏    | 644/1250 [17:26<16:11,  1.60s/it]
Training 1/1 epoch (loss 0.7003):  52%|█████▏    | 644/1250 [17:27<16:11,  1.60s/it]
Training 1/1 epoch (loss 0.7003):  52%|█████▏    | 645/1250 [17:27<15:46,  1.56s/it]
Training 1/1 epoch (loss 0.7008):  52%|█████▏    | 645/1250 [17:29<15:46,  1.56s/it]
Training 1/1 epoch (loss 0.7008):  52%|█████▏    | 646/1250 [17:29<16:09,  1.60s/it]
Training 1/1 epoch (loss 0.4301):  52%|█████▏    | 646/1250 [17:31<16:09,  1.60s/it]
Training 1/1 epoch (loss 0.4301):  52%|█████▏    | 647/1250 [17:31<15:41,  1.56s/it]
Training 1/1 epoch (loss 0.8619):  52%|█████▏    | 647/1250 [17:32<15:41,  1.56s/it]
Training 1/1 epoch (loss 0.8619):  52%|█████▏    | 648/1250 [17:32<16:06,  1.61s/it]
Training 1/1 epoch (loss 0.4309):  52%|█████▏    | 648/1250 [17:34<16:06,  1.61s/it]
Training 1/1 epoch (loss 0.4309):  52%|█████▏    | 649/1250 [17:34<15:50,  1.58s/it]
Training 1/1 epoch (loss 0.8266):  52%|█████▏    | 649/1250 [17:36<15:50,  1.58s/it]
Training 1/1 epoch (loss 0.8266):  52%|█████▏    | 650/1250 [17:36<16:17,  1.63s/it]
Training 1/1 epoch (loss 0.4849):  52%|█████▏    | 650/1250 [17:37<16:17,  1.63s/it]
Training 1/1 epoch (loss 0.4849):  52%|█████▏    | 651/1250 [17:37<15:49,  1.58s/it]
Training 1/1 epoch (loss 0.8812):  52%|█████▏    | 651/1250 [17:39<15:49,  1.58s/it]
Training 1/1 epoch (loss 0.8812):  52%|█████▏    | 652/1250 [17:39<16:09,  1.62s/it]
Training 1/1 epoch (loss 0.8094):  52%|█████▏    | 652/1250 [17:41<16:09,  1.62s/it]
Training 1/1 epoch (loss 0.8094):  52%|█████▏    | 653/1250 [17:41<16:37,  1.67s/it]
Training 1/1 epoch (loss 0.7413):  52%|█████▏    | 653/1250 [17:42<16:37,  1.67s/it]
Training 1/1 epoch (loss 0.7413):  52%|█████▏    | 654/1250 [17:42<16:27,  1.66s/it]
Training 1/1 epoch (loss 0.4415):  52%|█████▏    | 654/1250 [17:44<16:27,  1.66s/it]
Training 1/1 epoch (loss 0.4415):  52%|█████▏    | 655/1250 [17:44<15:53,  1.60s/it]
Training 1/1 epoch (loss 0.7985):  52%|█████▏    | 655/1250 [17:45<15:53,  1.60s/it]
Training 1/1 epoch (loss 0.7985):  52%|█████▏    | 656/1250 [17:45<16:05,  1.63s/it]
Training 1/1 epoch (loss 0.5853):  52%|█████▏    | 656/1250 [17:47<16:05,  1.63s/it]
Training 1/1 epoch (loss 0.5853):  53%|█████▎    | 657/1250 [17:47<15:14,  1.54s/it]
Training 1/1 epoch (loss 0.2542):  53%|█████▎    | 657/1250 [17:48<15:14,  1.54s/it]
Training 1/1 epoch (loss 0.2542):  53%|█████▎    | 658/1250 [17:48<15:45,  1.60s/it]
Training 1/1 epoch (loss 1.0681):  53%|█████▎    | 658/1250 [17:50<15:45,  1.60s/it]
Training 1/1 epoch (loss 1.0681):  53%|█████▎    | 659/1250 [17:50<15:18,  1.55s/it][2025-05-26 17:31:04,988] [INFO] [logging.py:107:log_dist] [Rank 0] step=330, skipped=0, lr=[9.560215404834094e-06, 9.560215404834094e-06], mom=[[0.9, 0.95], [0.9, 0.95]]
[2025-05-26 17:31:04,989] [INFO] [timer.py:264:stop] epoch=0/micro_step=660/global_step=330, RunningAvgSamplesPerSec=3.9841759200316105, CurrSamplesPerSec=3.8336516868303225, MemAllocated=8.29GB, MaxMemAllocated=11.09GB

Training 1/1 epoch (loss 0.5546):  53%|█████▎    | 659/1250 [17:52<15:18,  1.55s/it]
Training 1/1 epoch (loss 0.5546):  53%|█████▎    | 660/1250 [17:52<16:26,  1.67s/it]
Training 1/1 epoch (loss 0.6466):  53%|█████▎    | 660/1250 [17:53<16:26,  1.67s/it]
Training 1/1 epoch (loss 0.6466):  53%|█████▎    | 661/1250 [17:53<15:51,  1.62s/it]
Training 1/1 epoch (loss 0.5482):  53%|█████▎    | 661/1250 [17:55<15:51,  1.62s/it]
Training 1/1 epoch (loss 0.5482):  53%|█████▎    | 662/1250 [17:55<15:29,  1.58s/it]
Training 1/1 epoch (loss 0.7019):  53%|█████▎    | 662/1250 [17:56<15:29,  1.58s/it]
Training 1/1 epoch (loss 0.7019):  53%|█████▎    | 663/1250 [17:56<15:11,  1.55s/it]
Training 1/1 epoch (loss 0.5679):  53%|█████▎    | 663/1250 [17:58<15:11,  1.55s/it]
Training 1/1 epoch (loss 0.5679):  53%|█████▎    | 664/1250 [17:58<15:42,  1.61s/it]
Training 1/1 epoch (loss 0.7611):  53%|█████▎    | 664/1250 [17:59<15:42,  1.61s/it]
Training 1/1 epoch (loss 0.7611):  53%|█████▎    | 665/1250 [17:59<15:14,  1.56s/it]
Training 1/1 epoch (loss 0.4547):  53%|█████▎    | 665/1250 [18:01<15:14,  1.56s/it]
Training 1/1 epoch (loss 0.4547):  53%|█████▎    | 666/1250 [18:01<15:35,  1.60s/it]
Training 1/1 epoch (loss 0.9672):  53%|█████▎    | 666/1250 [18:03<15:35,  1.60s/it]
Training 1/1 epoch (loss 0.9672):  53%|█████▎    | 667/1250 [18:03<15:04,  1.55s/it]
Training 1/1 epoch (loss 0.4614):  53%|█████▎    | 667/1250 [18:04<15:04,  1.55s/it]
Training 1/1 epoch (loss 0.4614):  53%|█████▎    | 668/1250 [18:04<15:37,  1.61s/it]
Training 1/1 epoch (loss 0.5350):  53%|█████▎    | 668/1250 [18:06<15:37,  1.61s/it]
Training 1/1 epoch (loss 0.5350):  54%|█████▎    | 669/1250 [18:06<15:11,  1.57s/it]
Training 1/1 epoch (loss 0.6598):  54%|█████▎    | 669/1250 [18:08<15:11,  1.57s/it]
Training 1/1 epoch (loss 0.6598):  54%|█████▎    | 670/1250 [18:08<15:41,  1.62s/it]
Training 1/1 epoch (loss 0.4388):  54%|█████▎    | 670/1250 [18:09<15:41,  1.62s/it]
Training 1/1 epoch (loss 0.4388):  54%|█████▎    | 671/1250 [18:09<15:28,  1.60s/it]
Training 1/1 epoch (loss 0.3578):  54%|█████▎    | 671/1250 [18:11<15:28,  1.60s/it]
Training 1/1 epoch (loss 0.3578):  54%|█████▍    | 672/1250 [18:11<15:44,  1.63s/it]
Training 1/1 epoch (loss 0.6063):  54%|█████▍    | 672/1250 [18:12<15:44,  1.63s/it]
Training 1/1 epoch (loss 0.6063):  54%|█████▍    | 673/1250 [18:12<15:15,  1.59s/it]
Training 1/1 epoch (loss 0.6964):  54%|█████▍    | 673/1250 [18:14<15:15,  1.59s/it]
Training 1/1 epoch (loss 0.6964):  54%|█████▍    | 674/1250 [18:14<15:40,  1.63s/it]
Training 1/1 epoch (loss 1.0466):  54%|█████▍    | 674/1250 [18:16<15:40,  1.63s/it]
Training 1/1 epoch (loss 1.0466):  54%|█████▍    | 675/1250 [18:16<15:18,  1.60s/it]
Training 1/1 epoch (loss 0.5639):  54%|█████▍    | 675/1250 [18:17<15:18,  1.60s/it]
Training 1/1 epoch (loss 0.5639):  54%|█████▍    | 676/1250 [18:17<15:38,  1.64s/it]
Training 1/1 epoch (loss 0.3202):  54%|█████▍    | 676/1250 [18:19<15:38,  1.64s/it]
Training 1/1 epoch (loss 0.3202):  54%|█████▍    | 677/1250 [18:19<15:09,  1.59s/it]
Training 1/1 epoch (loss 0.8665):  54%|█████▍    | 677/1250 [18:21<15:09,  1.59s/it]
Training 1/1 epoch (loss 0.8665):  54%|█████▍    | 678/1250 [18:21<15:44,  1.65s/it]
Training 1/1 epoch (loss 0.3299):  54%|█████▍    | 678/1250 [18:22<15:44,  1.65s/it]
Training 1/1 epoch (loss 0.3299):  54%|█████▍    | 679/1250 [18:22<15:23,  1.62s/it][2025-05-26 17:31:37,196] [INFO] [logging.py:107:log_dist] [Rank 0] step=340, skipped=0, lr=[9.043975287562443e-06, 9.043975287562443e-06], mom=[[0.9, 0.95], [0.9, 0.95]]
[2025-05-26 17:31:37,197] [INFO] [timer.py:264:stop] epoch=0/micro_step=680/global_step=340, RunningAvgSamplesPerSec=3.982963837955098, CurrSamplesPerSec=3.8030572611574116, MemAllocated=8.29GB, MaxMemAllocated=11.09GB

Training 1/1 epoch (loss 0.7980):  54%|█████▍    | 679/1250 [18:24<15:23,  1.62s/it]
Training 1/1 epoch (loss 0.7980):  54%|█████▍    | 680/1250 [18:24<15:41,  1.65s/it]
Training 1/1 epoch (loss 0.5085):  54%|█████▍    | 680/1250 [18:25<15:41,  1.65s/it]
Training 1/1 epoch (loss 0.5085):  54%|█████▍    | 681/1250 [18:25<15:09,  1.60s/it]
Training 1/1 epoch (loss 0.3968):  54%|█████▍    | 681/1250 [18:27<15:09,  1.60s/it]
Training 1/1 epoch (loss 0.3968):  55%|█████▍    | 682/1250 [18:27<15:32,  1.64s/it]
Training 1/1 epoch (loss 0.6469):  55%|█████▍    | 682/1250 [18:29<15:32,  1.64s/it]
Training 1/1 epoch (loss 0.6469):  55%|█████▍    | 683/1250 [18:29<15:34,  1.65s/it]
Training 1/1 epoch (loss 0.8567):  55%|█████▍    | 683/1250 [18:31<15:34,  1.65s/it]
Training 1/1 epoch (loss 0.8567):  55%|█████▍    | 684/1250 [18:31<16:48,  1.78s/it]
Training 1/1 epoch (loss 0.8269):  55%|█████▍    | 684/1250 [18:32<16:48,  1.78s/it]
Training 1/1 epoch (loss 0.8269):  55%|█████▍    | 685/1250 [18:32<15:59,  1.70s/it]
Training 1/1 epoch (loss 0.7983):  55%|█████▍    | 685/1250 [18:34<15:59,  1.70s/it]
Training 1/1 epoch (loss 0.7983):  55%|█████▍    | 686/1250 [18:34<16:05,  1.71s/it]
Training 1/1 epoch (loss 0.4768):  55%|█████▍    | 686/1250 [18:36<16:05,  1.71s/it]
Training 1/1 epoch (loss 0.4768):  55%|█████▍    | 687/1250 [18:36<15:27,  1.65s/it]
Training 1/1 epoch (loss 0.3490):  55%|█████▍    | 687/1250 [18:37<15:27,  1.65s/it]
Training 1/1 epoch (loss 0.3490):  55%|█████▌    | 688/1250 [18:37<15:19,  1.64s/it]
Training 1/1 epoch (loss 1.5413):  55%|█████▌    | 688/1250 [18:39<15:19,  1.64s/it]
Training 1/1 epoch (loss 1.5413):  55%|█████▌    | 689/1250 [18:39<14:44,  1.58s/it]
Training 1/1 epoch (loss 0.3379):  55%|█████▌    | 689/1250 [18:40<14:44,  1.58s/it]
Training 1/1 epoch (loss 0.3379):  55%|█████▌    | 690/1250 [18:40<15:13,  1.63s/it]
Training 1/1 epoch (loss 0.9757):  55%|█████▌    | 690/1250 [18:42<15:13,  1.63s/it]
Training 1/1 epoch (loss 0.9757):  55%|█████▌    | 691/1250 [18:42<14:02,  1.51s/it]
Training 1/1 epoch (loss 0.2550):  55%|█████▌    | 691/1250 [18:43<14:02,  1.51s/it]
Training 1/1 epoch (loss 0.2550):  55%|█████▌    | 692/1250 [18:43<14:53,  1.60s/it]
Training 1/1 epoch (loss 0.6110):  55%|█████▌    | 692/1250 [18:45<14:53,  1.60s/it]
Training 1/1 epoch (loss 0.6110):  55%|█████▌    | 693/1250 [18:45<14:33,  1.57s/it]
Training 1/1 epoch (loss 0.4963):  55%|█████▌    | 693/1250 [18:47<14:33,  1.57s/it]
Training 1/1 epoch (loss 0.4963):  56%|█████▌    | 694/1250 [18:47<14:51,  1.60s/it]
Training 1/1 epoch (loss 0.3612):  56%|█████▌    | 694/1250 [18:48<14:51,  1.60s/it]
Training 1/1 epoch (loss 0.3612):  56%|█████▌    | 695/1250 [18:48<14:24,  1.56s/it]
Training 1/1 epoch (loss 0.8269):  56%|█████▌    | 695/1250 [18:50<14:24,  1.56s/it]
Training 1/1 epoch (loss 0.8269):  56%|█████▌    | 696/1250 [18:50<14:56,  1.62s/it]
Training 1/1 epoch (loss 0.9916):  56%|█████▌    | 696/1250 [18:51<14:56,  1.62s/it]
Training 1/1 epoch (loss 0.9916):  56%|█████▌    | 697/1250 [18:51<14:24,  1.56s/it]
Training 1/1 epoch (loss 0.8875):  56%|█████▌    | 697/1250 [18:53<14:24,  1.56s/it]
Training 1/1 epoch (loss 0.8875):  56%|█████▌    | 698/1250 [18:53<14:52,  1.62s/it]
Training 1/1 epoch (loss 0.4202):  56%|█████▌    | 698/1250 [18:54<14:52,  1.62s/it]
Training 1/1 epoch (loss 0.4202):  56%|█████▌    | 699/1250 [18:54<14:35,  1.59s/it][2025-05-26 17:32:09,502] [INFO] [logging.py:107:log_dist] [Rank 0] step=350, skipped=0, lr=[8.530295491976338e-06, 8.530295491976338e-06], mom=[[0.9, 0.95], [0.9, 0.95]]
[2025-05-26 17:32:09,503] [INFO] [timer.py:264:stop] epoch=0/micro_step=700/global_step=350, RunningAvgSamplesPerSec=3.981710291552453, CurrSamplesPerSec=3.9469699899436654, MemAllocated=8.29GB, MaxMemAllocated=11.09GB

Training 1/1 epoch (loss 0.9082):  56%|█████▌    | 699/1250 [18:56<14:35,  1.59s/it]
Training 1/1 epoch (loss 0.9082):  56%|█████▌    | 700/1250 [18:56<14:45,  1.61s/it]
Training 1/1 epoch (loss 0.7187):  56%|█████▌    | 700/1250 [18:58<14:45,  1.61s/it]
Training 1/1 epoch (loss 0.7187):  56%|█████▌    | 701/1250 [18:58<14:20,  1.57s/it]
Training 1/1 epoch (loss 0.5287):  56%|█████▌    | 701/1250 [18:59<14:20,  1.57s/it]
Training 1/1 epoch (loss 0.5287):  56%|█████▌    | 702/1250 [18:59<15:02,  1.65s/it]
Training 1/1 epoch (loss 0.5503):  56%|█████▌    | 702/1250 [19:01<15:02,  1.65s/it]
Training 1/1 epoch (loss 0.5503):  56%|█████▌    | 703/1250 [19:01<14:27,  1.59s/it]
Training 1/1 epoch (loss 0.8312):  56%|█████▌    | 703/1250 [19:02<14:27,  1.59s/it]
Training 1/1 epoch (loss 0.8312):  56%|█████▋    | 704/1250 [19:02<14:25,  1.59s/it]
Training 1/1 epoch (loss 0.4889):  56%|█████▋    | 704/1250 [19:04<14:25,  1.59s/it]
Training 1/1 epoch (loss 0.4889):  56%|█████▋    | 705/1250 [19:04<13:55,  1.53s/it]
Training 1/1 epoch (loss 0.6519):  56%|█████▋    | 705/1250 [19:06<13:55,  1.53s/it]
Training 1/1 epoch (loss 0.6519):  56%|█████▋    | 706/1250 [19:06<14:18,  1.58s/it]
Training 1/1 epoch (loss 0.6684):  56%|█████▋    | 706/1250 [19:07<14:18,  1.58s/it]
Training 1/1 epoch (loss 0.6684):  57%|█████▋    | 707/1250 [19:07<14:00,  1.55s/it]
Training 1/1 epoch (loss 0.4111):  57%|█████▋    | 707/1250 [19:09<14:00,  1.55s/it]
Training 1/1 epoch (loss 0.4111):  57%|█████▋    | 708/1250 [19:09<14:23,  1.59s/it]
Training 1/1 epoch (loss 0.5637):  57%|█████▋    | 708/1250 [19:10<14:23,  1.59s/it]
Training 1/1 epoch (loss 0.5637):  57%|█████▋    | 709/1250 [19:10<14:10,  1.57s/it]
Training 1/1 epoch (loss 0.7313):  57%|█████▋    | 709/1250 [19:12<14:10,  1.57s/it]
Training 1/1 epoch (loss 0.7313):  57%|█████▋    | 710/1250 [19:12<14:31,  1.61s/it]
Training 1/1 epoch (loss 0.5702):  57%|█████▋    | 710/1250 [19:14<14:31,  1.61s/it]
Training 1/1 epoch (loss 0.5702):  57%|█████▋    | 711/1250 [19:14<14:18,  1.59s/it]
Training 1/1 epoch (loss 0.6301):  57%|█████▋    | 711/1250 [19:15<14:18,  1.59s/it]
Training 1/1 epoch (loss 0.6301):  57%|█████▋    | 712/1250 [19:15<14:38,  1.63s/it]
Training 1/1 epoch (loss 0.6390):  57%|█████▋    | 712/1250 [19:17<14:38,  1.63s/it]
Training 1/1 epoch (loss 0.6390):  57%|█████▋    | 713/1250 [19:17<14:08,  1.58s/it]
Training 1/1 epoch (loss 0.6093):  57%|█████▋    | 713/1250 [19:18<14:08,  1.58s/it]
Training 1/1 epoch (loss 0.6093):  57%|█████▋    | 714/1250 [19:18<14:29,  1.62s/it]
Training 1/1 epoch (loss 0.8553):  57%|█████▋    | 714/1250 [19:20<14:29,  1.62s/it]
Training 1/1 epoch (loss 0.8553):  57%|█████▋    | 715/1250 [19:20<14:05,  1.58s/it]
Training 1/1 epoch (loss 0.6980):  57%|█████▋    | 715/1250 [19:22<14:05,  1.58s/it]
Training 1/1 epoch (loss 0.6980):  57%|█████▋    | 716/1250 [19:22<14:26,  1.62s/it]
Training 1/1 epoch (loss 0.4907):  57%|█████▋    | 716/1250 [19:23<14:26,  1.62s/it]
Training 1/1 epoch (loss 0.4907):  57%|█████▋    | 717/1250 [19:23<13:59,  1.57s/it]
Training 1/1 epoch (loss 0.7503):  57%|█████▋    | 717/1250 [19:25<13:59,  1.57s/it]
Training 1/1 epoch (loss 0.7503):  57%|█████▋    | 718/1250 [19:25<14:26,  1.63s/it]
Training 1/1 epoch (loss 0.4088):  57%|█████▋    | 718/1250 [19:26<14:26,  1.63s/it]
Training 1/1 epoch (loss 0.4088):  58%|█████▊    | 719/1250 [19:26<14:07,  1.60s/it][2025-05-26 17:32:41,224] [INFO] [logging.py:107:log_dist] [Rank 0] step=360, skipped=0, lr=[8.020551699585843e-06, 8.020551699585843e-06], mom=[[0.9, 0.95], [0.9, 0.95]]
[2025-05-26 17:32:41,225] [INFO] [timer.py:264:stop] epoch=0/micro_step=720/global_step=360, RunningAvgSamplesPerSec=3.980932379494977, CurrSamplesPerSec=4.284203624808239, MemAllocated=8.29GB, MaxMemAllocated=11.09GB

Training 1/1 epoch (loss 0.3701):  58%|█████▊    | 719/1250 [19:28<14:07,  1.60s/it]
Training 1/1 epoch (loss 0.3701):  58%|█████▊    | 720/1250 [19:28<14:46,  1.67s/it]
Training 1/1 epoch (loss 0.7239):  58%|█████▊    | 720/1250 [19:30<14:46,  1.67s/it]
Training 1/1 epoch (loss 0.7239):  58%|█████▊    | 721/1250 [19:30<14:24,  1.63s/it]
Training 1/1 epoch (loss 0.4405):  58%|█████▊    | 721/1250 [19:32<14:24,  1.63s/it]
Training 1/1 epoch (loss 0.4405):  58%|█████▊    | 722/1250 [19:32<14:43,  1.67s/it]
Training 1/1 epoch (loss 0.2908):  58%|█████▊    | 722/1250 [19:33<14:43,  1.67s/it]
Training 1/1 epoch (loss 0.2908):  58%|█████▊    | 723/1250 [19:33<15:05,  1.72s/it]
Training 1/1 epoch (loss 0.5298):  58%|█████▊    | 723/1250 [19:36<15:05,  1.72s/it]
Training 1/1 epoch (loss 0.5298):  58%|█████▊    | 724/1250 [19:36<16:14,  1.85s/it]
Training 1/1 epoch (loss 1.2352):  58%|█████▊    | 724/1250 [19:37<16:14,  1.85s/it]
Training 1/1 epoch (loss 1.2352):  58%|█████▊    | 725/1250 [19:37<16:02,  1.83s/it]
Training 1/1 epoch (loss 0.5677):  58%|█████▊    | 725/1250 [19:39<16:02,  1.83s/it]
Training 1/1 epoch (loss 0.5677):  58%|█████▊    | 726/1250 [19:39<16:29,  1.89s/it]
Training 1/1 epoch (loss 0.5866):  58%|█████▊    | 726/1250 [19:41<16:29,  1.89s/it]
Training 1/1 epoch (loss 0.5866):  58%|█████▊    | 727/1250 [19:41<16:18,  1.87s/it]
Training 1/1 epoch (loss 1.6461):  58%|█████▊    | 727/1250 [19:43<16:18,  1.87s/it]
Training 1/1 epoch (loss 1.6461):  58%|█████▊    | 728/1250 [19:43<16:41,  1.92s/it]
Training 1/1 epoch (loss 0.4909):  58%|█████▊    | 728/1250 [19:45<16:41,  1.92s/it]
Training 1/1 epoch (loss 0.4909):  58%|█████▊    | 729/1250 [19:45<16:23,  1.89s/it]
Training 1/1 epoch (loss 0.4560):  58%|█████▊    | 729/1250 [19:47<16:23,  1.89s/it]
Training 1/1 epoch (loss 0.4560):  58%|█████▊    | 730/1250 [19:47<16:56,  1.95s/it]
Training 1/1 epoch (loss 0.6039):  58%|█████▊    | 730/1250 [19:49<16:56,  1.95s/it]
Training 1/1 epoch (loss 0.6039):  58%|█████▊    | 731/1250 [19:49<16:19,  1.89s/it]
Training 1/1 epoch (loss 0.5889):  58%|█████▊    | 731/1250 [19:51<16:19,  1.89s/it]
Training 1/1 epoch (loss 0.5889):  59%|█████▊    | 732/1250 [19:51<15:47,  1.83s/it]
Training 1/1 epoch (loss 0.6286):  59%|█████▊    | 732/1250 [19:52<15:47,  1.83s/it]
Training 1/1 epoch (loss 0.6286):  59%|█████▊    | 733/1250 [19:52<14:24,  1.67s/it]
Training 1/1 epoch (loss 0.4379):  59%|█████▊    | 733/1250 [19:54<14:24,  1.67s/it]
Training 1/1 epoch (loss 0.4379):  59%|█████▊    | 734/1250 [19:54<14:26,  1.68s/it]
Training 1/1 epoch (loss 0.5464):  59%|█████▊    | 734/1250 [19:55<14:26,  1.68s/it]
Training 1/1 epoch (loss 0.5464):  59%|█████▉    | 735/1250 [19:55<13:58,  1.63s/it]
Training 1/1 epoch (loss 0.9361):  59%|█████▉    | 735/1250 [19:57<13:58,  1.63s/it]
Training 1/1 epoch (loss 0.9361):  59%|█████▉    | 736/1250 [19:57<14:15,  1.66s/it]
Training 1/1 epoch (loss 0.7665):  59%|█████▉    | 736/1250 [19:58<14:15,  1.66s/it]
Training 1/1 epoch (loss 0.7665):  59%|█████▉    | 737/1250 [19:58<13:40,  1.60s/it]
Training 1/1 epoch (loss 0.2198):  59%|█████▉    | 737/1250 [20:00<13:40,  1.60s/it]
Training 1/1 epoch (loss 0.2198):  59%|█████▉    | 738/1250 [20:00<14:00,  1.64s/it]
Training 1/1 epoch (loss 0.8672):  59%|█████▉    | 738/1250 [20:02<14:00,  1.64s/it]
Training 1/1 epoch (loss 0.8672):  59%|█████▉    | 739/1250 [20:02<13:48,  1.62s/it][2025-05-26 17:33:16,641] [INFO] [logging.py:107:log_dist] [Rank 0] step=370, skipped=0, lr=[7.5161090509242005e-06, 7.5161090509242005e-06], mom=[[0.9, 0.95], [0.9, 0.95]]
[2025-05-26 17:33:16,642] [INFO] [timer.py:264:stop] epoch=0/micro_step=740/global_step=370, RunningAvgSamplesPerSec=3.979648746163596, CurrSamplesPerSec=4.372386837299855, MemAllocated=8.29GB, MaxMemAllocated=11.09GB

Training 1/1 epoch (loss 0.7641):  59%|█████▉    | 739/1250 [20:03<13:48,  1.62s/it]
Training 1/1 epoch (loss 0.7641):  59%|█████▉    | 740/1250 [20:03<14:04,  1.66s/it]
Training 1/1 epoch (loss 0.9548):  59%|█████▉    | 740/1250 [20:05<14:04,  1.66s/it]
Training 1/1 epoch (loss 0.9548):  59%|█████▉    | 741/1250 [20:05<13:44,  1.62s/it]
Training 1/1 epoch (loss 0.6255):  59%|█████▉    | 741/1250 [20:07<13:44,  1.62s/it]
Training 1/1 epoch (loss 0.6255):  59%|█████▉    | 742/1250 [20:07<14:19,  1.69s/it]
Training 1/1 epoch (loss 0.5919):  59%|█████▉    | 742/1250 [20:08<14:19,  1.69s/it]
Training 1/1 epoch (loss 0.5919):  59%|█████▉    | 743/1250 [20:08<13:48,  1.63s/it]
Training 1/1 epoch (loss 0.7445):  59%|█████▉    | 743/1250 [20:10<13:48,  1.63s/it]
Training 1/1 epoch (loss 0.7445):  60%|█████▉    | 744/1250 [20:10<13:54,  1.65s/it]
Training 1/1 epoch (loss 0.5974):  60%|█████▉    | 744/1250 [20:11<13:54,  1.65s/it]
Training 1/1 epoch (loss 0.5974):  60%|█████▉    | 745/1250 [20:11<13:21,  1.59s/it]
Training 1/1 epoch (loss 0.7431):  60%|█████▉    | 745/1250 [20:13<13:21,  1.59s/it]
Training 1/1 epoch (loss 0.7431):  60%|█████▉    | 746/1250 [20:13<13:38,  1.62s/it]
Training 1/1 epoch (loss 0.3185):  60%|█████▉    | 746/1250 [20:14<13:38,  1.62s/it]
Training 1/1 epoch (loss 0.3185):  60%|█████▉    | 747/1250 [20:14<13:10,  1.57s/it]
Training 1/1 epoch (loss 0.7435):  60%|█████▉    | 747/1250 [20:16<13:10,  1.57s/it]
Training 1/1 epoch (loss 0.7435):  60%|█████▉    | 748/1250 [20:16<13:28,  1.61s/it]
Training 1/1 epoch (loss 0.5969):  60%|█████▉    | 748/1250 [20:18<13:28,  1.61s/it]
Training 1/1 epoch (loss 0.5969):  60%|█████▉    | 749/1250 [20:18<13:06,  1.57s/it]
Training 1/1 epoch (loss 0.7683):  60%|█████▉    | 749/1250 [20:19<13:06,  1.57s/it]
Training 1/1 epoch (loss 0.7683):  60%|██████    | 750/1250 [20:19<13:30,  1.62s/it]
Training 1/1 epoch (loss 0.7566):  60%|██████    | 750/1250 [20:21<13:30,  1.62s/it]
Training 1/1 epoch (loss 0.7566):  60%|██████    | 751/1250 [20:21<13:42,  1.65s/it]
Training 1/1 epoch (loss 0.4607):  60%|██████    | 751/1250 [20:23<13:42,  1.65s/it]
Training 1/1 epoch (loss 0.4607):  60%|██████    | 752/1250 [20:23<14:00,  1.69s/it]
Training 1/1 epoch (loss 0.3932):  60%|██████    | 752/1250 [20:24<14:00,  1.69s/it]
Training 1/1 epoch (loss 0.3932):  60%|██████    | 753/1250 [20:24<13:26,  1.62s/it]
Training 1/1 epoch (loss 0.3623):  60%|██████    | 753/1250 [20:26<13:26,  1.62s/it]
Training 1/1 epoch (loss 0.3623):  60%|██████    | 754/1250 [20:26<13:36,  1.65s/it]
Training 1/1 epoch (loss 0.4240):  60%|██████    | 754/1250 [20:28<13:36,  1.65s/it]
Training 1/1 epoch (loss 0.4240):  60%|██████    | 755/1250 [20:28<13:08,  1.59s/it]
Training 1/1 epoch (loss 0.4474):  60%|██████    | 755/1250 [20:29<13:08,  1.59s/it]
Training 1/1 epoch (loss 0.4474):  60%|██████    | 756/1250 [20:29<13:25,  1.63s/it]
Training 1/1 epoch (loss 0.4973):  60%|██████    | 756/1250 [20:31<13:25,  1.63s/it]
Training 1/1 epoch (loss 0.4973):  61%|██████    | 757/1250 [20:31<13:02,  1.59s/it]
Training 1/1 epoch (loss 0.7728):  61%|██████    | 757/1250 [20:32<13:02,  1.59s/it]
Training 1/1 epoch (loss 0.7728):  61%|██████    | 758/1250 [20:32<13:25,  1.64s/it]
Training 1/1 epoch (loss 0.7382):  61%|██████    | 758/1250 [20:34<13:25,  1.64s/it]
Training 1/1 epoch (loss 0.7382):  61%|██████    | 759/1250 [20:34<13:03,  1.60s/it][2025-05-26 17:33:49,103] [INFO] [logging.py:107:log_dist] [Rank 0] step=380, skipped=0, lr=[7.01831848957653e-06, 7.01831848957653e-06], mom=[[0.9, 0.95], [0.9, 0.95]]
[2025-05-26 17:33:49,104] [INFO] [timer.py:264:stop] epoch=0/micro_step=760/global_step=380, RunningAvgSamplesPerSec=3.9763025437473845, CurrSamplesPerSec=3.7181991928682745, MemAllocated=8.29GB, MaxMemAllocated=11.09GB

Training 1/1 epoch (loss 0.3599):  61%|██████    | 759/1250 [20:36<13:03,  1.60s/it]
Training 1/1 epoch (loss 0.3599):  61%|██████    | 760/1250 [20:36<13:27,  1.65s/it]
Training 1/1 epoch (loss 0.8040):  61%|██████    | 760/1250 [20:37<13:27,  1.65s/it]
Training 1/1 epoch (loss 0.8040):  61%|██████    | 761/1250 [20:37<12:57,  1.59s/it]
Training 1/1 epoch (loss 0.3855):  61%|██████    | 761/1250 [20:39<12:57,  1.59s/it]
Training 1/1 epoch (loss 0.3855):  61%|██████    | 762/1250 [20:39<13:27,  1.66s/it]
Training 1/1 epoch (loss 0.6714):  61%|██████    | 762/1250 [20:40<13:27,  1.66s/it]
Training 1/1 epoch (loss 0.6714):  61%|██████    | 763/1250 [20:40<12:54,  1.59s/it]
Training 1/1 epoch (loss 0.6980):  61%|██████    | 763/1250 [20:42<12:54,  1.59s/it]
Training 1/1 epoch (loss 0.6980):  61%|██████    | 764/1250 [20:42<12:32,  1.55s/it]
Training 1/1 epoch (loss 0.5616):  61%|██████    | 764/1250 [20:43<12:32,  1.55s/it]
Training 1/1 epoch (loss 0.5616):  61%|██████    | 765/1250 [20:43<11:36,  1.44s/it]
Training 1/1 epoch (loss 0.8033):  61%|██████    | 765/1250 [20:45<11:36,  1.44s/it]
Training 1/1 epoch (loss 0.8033):  61%|██████▏   | 766/1250 [20:45<12:17,  1.52s/it]
Training 1/1 epoch (loss 0.4595):  61%|██████▏   | 766/1250 [20:46<12:17,  1.52s/it]
Training 1/1 epoch (loss 0.4595):  61%|██████▏   | 767/1250 [20:46<12:19,  1.53s/it]
Training 1/1 epoch (loss 0.3972):  61%|██████▏   | 767/1250 [20:48<12:19,  1.53s/it]
Training 1/1 epoch (loss 0.3972):  61%|██████▏   | 768/1250 [20:48<12:47,  1.59s/it]
Training 1/1 epoch (loss 0.6131):  61%|██████▏   | 768/1250 [20:50<12:47,  1.59s/it]
Training 1/1 epoch (loss 0.6131):  62%|██████▏   | 769/1250 [20:50<12:28,  1.56s/it]
Training 1/1 epoch (loss 0.4609):  62%|██████▏   | 769/1250 [20:51<12:28,  1.56s/it]
Training 1/1 epoch (loss 0.4609):  62%|██████▏   | 770/1250 [20:51<12:48,  1.60s/it]
Training 1/1 epoch (loss 0.6520):  62%|██████▏   | 770/1250 [20:52<12:48,  1.60s/it]
Training 1/1 epoch (loss 0.6520):  62%|██████▏   | 771/1250 [20:52<11:46,  1.48s/it]
Training 1/1 epoch (loss 0.8691):  62%|██████▏   | 771/1250 [20:54<11:46,  1.48s/it]
Training 1/1 epoch (loss 0.8691):  62%|██████▏   | 772/1250 [20:54<12:20,  1.55s/it]
Training 1/1 epoch (loss 0.7442):  62%|██████▏   | 772/1250 [20:56<12:20,  1.55s/it]
Training 1/1 epoch (loss 0.7442):  62%|██████▏   | 773/1250 [20:56<12:02,  1.51s/it]
Training 1/1 epoch (loss 0.5713):  62%|██████▏   | 773/1250 [20:57<12:02,  1.51s/it]
Training 1/1 epoch (loss 0.5713):  62%|██████▏   | 774/1250 [20:57<12:24,  1.56s/it]
Training 1/1 epoch (loss 0.6508):  62%|██████▏   | 774/1250 [20:59<12:24,  1.56s/it]
Training 1/1 epoch (loss 0.6508):  62%|██████▏   | 775/1250 [20:59<12:40,  1.60s/it]
Training 1/1 epoch (loss 0.2744):  62%|██████▏   | 775/1250 [21:01<12:40,  1.60s/it]
Training 1/1 epoch (loss 0.2744):  62%|██████▏   | 776/1250 [21:01<12:55,  1.64s/it]
Training 1/1 epoch (loss 0.3315):  62%|██████▏   | 776/1250 [21:02<12:55,  1.64s/it]
Training 1/1 epoch (loss 0.3315):  62%|██████▏   | 777/1250 [21:02<12:27,  1.58s/it]
Training 1/1 epoch (loss 0.4205):  62%|██████▏   | 777/1250 [21:04<12:27,  1.58s/it]
Training 1/1 epoch (loss 0.4205):  62%|██████▏   | 778/1250 [21:04<12:45,  1.62s/it]
Training 1/1 epoch (loss 0.6717):  62%|██████▏   | 778/1250 [21:05<12:45,  1.62s/it]
Training 1/1 epoch (loss 0.6717):  62%|██████▏   | 779/1250 [21:05<12:17,  1.57s/it][2025-05-26 17:34:20,366] [INFO] [logging.py:107:log_dist] [Rank 0] step=390, skipped=0, lr=[6.528513144229256e-06, 6.528513144229256e-06], mom=[[0.9, 0.95], [0.9, 0.95]]
[2025-05-26 17:34:20,367] [INFO] [timer.py:264:stop] epoch=0/micro_step=780/global_step=390, RunningAvgSamplesPerSec=3.9789260190244433, CurrSamplesPerSec=3.926742539766998, MemAllocated=8.29GB, MaxMemAllocated=11.09GB

Training 1/1 epoch (loss 0.6463):  62%|██████▏   | 779/1250 [21:07<12:17,  1.57s/it]
Training 1/1 epoch (loss 0.6463):  62%|██████▏   | 780/1250 [21:07<12:40,  1.62s/it]
Training 1/1 epoch (loss 0.3240):  62%|██████▏   | 780/1250 [21:09<12:40,  1.62s/it]
Training 1/1 epoch (loss 0.3240):  62%|██████▏   | 781/1250 [21:09<12:24,  1.59s/it]
Training 1/1 epoch (loss 0.5436):  62%|██████▏   | 781/1250 [21:10<12:24,  1.59s/it]
Training 1/1 epoch (loss 0.5436):  63%|██████▎   | 782/1250 [21:10<12:39,  1.62s/it]
Training 1/1 epoch (loss 0.3856):  63%|██████▎   | 782/1250 [21:12<12:39,  1.62s/it]
Training 1/1 epoch (loss 0.3856):  63%|██████▎   | 783/1250 [21:12<12:12,  1.57s/it]
Training 1/1 epoch (loss 0.7236):  63%|██████▎   | 783/1250 [21:13<12:12,  1.57s/it]
Training 1/1 epoch (loss 0.7236):  63%|██████▎   | 784/1250 [21:13<12:16,  1.58s/it]
Training 1/1 epoch (loss 0.7987):  63%|██████▎   | 784/1250 [21:15<12:16,  1.58s/it]
Training 1/1 epoch (loss 0.7987):  63%|██████▎   | 785/1250 [21:15<11:58,  1.55s/it]
Training 1/1 epoch (loss 0.6425):  63%|██████▎   | 785/1250 [21:16<11:58,  1.55s/it]
Training 1/1 epoch (loss 0.6425):  63%|██████▎   | 786/1250 [21:16<12:17,  1.59s/it]
Training 1/1 epoch (loss 0.5442):  63%|██████▎   | 786/1250 [21:18<12:17,  1.59s/it]
Training 1/1 epoch (loss 0.5442):  63%|██████▎   | 787/1250 [21:18<11:50,  1.53s/it]
Training 1/1 epoch (loss 0.6358):  63%|██████▎   | 787/1250 [21:20<11:50,  1.53s/it]
Training 1/1 epoch (loss 0.6358):  63%|██████▎   | 788/1250 [21:20<12:10,  1.58s/it]
Training 1/1 epoch (loss 0.7672):  63%|██████▎   | 788/1250 [21:21<12:10,  1.58s/it]
Training 1/1 epoch (loss 0.7672):  63%|██████▎   | 789/1250 [21:21<12:37,  1.64s/it]
Training 1/1 epoch (loss 0.5085):  63%|██████▎   | 789/1250 [21:23<12:37,  1.64s/it]
Training 1/1 epoch (loss 0.5085):  63%|██████▎   | 790/1250 [21:23<12:48,  1.67s/it]
Training 1/1 epoch (loss 0.5108):  63%|██████▎   | 790/1250 [21:25<12:48,  1.67s/it]
Training 1/1 epoch (loss 0.5108):  63%|██████▎   | 791/1250 [21:25<12:23,  1.62s/it]
Training 1/1 epoch (loss 0.6088):  63%|██████▎   | 791/1250 [21:26<12:23,  1.62s/it]
Training 1/1 epoch (loss 0.6088):  63%|██████▎   | 792/1250 [21:26<12:30,  1.64s/it]
Training 1/1 epoch (loss 0.4859):  63%|██████▎   | 792/1250 [21:28<12:30,  1.64s/it]
Training 1/1 epoch (loss 0.4859):  63%|██████▎   | 793/1250 [21:28<12:01,  1.58s/it]
Training 1/1 epoch (loss 0.3769):  63%|██████▎   | 793/1250 [21:29<12:01,  1.58s/it]
Training 1/1 epoch (loss 0.3769):  64%|██████▎   | 794/1250 [21:29<12:15,  1.61s/it]
Training 1/1 epoch (loss 0.4604):  64%|██████▎   | 794/1250 [21:31<12:15,  1.61s/it]
Training 1/1 epoch (loss 0.4604):  64%|██████▎   | 795/1250 [21:31<11:56,  1.57s/it]
Training 1/1 epoch (loss 0.4031):  64%|██████▎   | 795/1250 [21:33<11:56,  1.57s/it]
Training 1/1 epoch (loss 0.4031):  64%|██████▎   | 796/1250 [21:33<12:10,  1.61s/it]
Training 1/1 epoch (loss 0.3152):  64%|██████▎   | 796/1250 [21:34<12:10,  1.61s/it]
Training 1/1 epoch (loss 0.3152):  64%|██████▍   | 797/1250 [21:34<11:46,  1.56s/it]
Training 1/1 epoch (loss 0.3867):  64%|██████▍   | 797/1250 [21:36<11:46,  1.56s/it]
Training 1/1 epoch (loss 0.3867):  64%|██████▍   | 798/1250 [21:36<11:59,  1.59s/it]
Training 1/1 epoch (loss 0.9048):  64%|██████▍   | 798/1250 [21:37<11:59,  1.59s/it]
Training 1/1 epoch (loss 0.9048):  64%|██████▍   | 799/1250 [21:37<11:38,  1.55s/it][2025-05-26 17:34:52,217] [INFO] [logging.py:107:log_dist] [Rank 0] step=400, skipped=0, lr=[6.048004758429451e-06, 6.048004758429451e-06], mom=[[0.9, 0.95], [0.9, 0.95]]
[2025-05-26 17:34:52,218] [INFO] [timer.py:264:stop] epoch=0/micro_step=800/global_step=400, RunningAvgSamplesPerSec=3.978902219429649, CurrSamplesPerSec=3.8868942944638345, MemAllocated=8.29GB, MaxMemAllocated=11.09GB

Training 1/1 epoch (loss 0.3790):  64%|██████▍   | 799/1250 [21:39<11:38,  1.55s/it]
Training 1/1 epoch (loss 0.3790):  64%|██████▍   | 800/1250 [21:39<12:08,  1.62s/it]
Training 1/1 epoch (loss 0.3684):  64%|██████▍   | 800/1250 [21:40<12:08,  1.62s/it]
Training 1/1 epoch (loss 0.3684):  64%|██████▍   | 801/1250 [21:40<11:43,  1.57s/it]
Training 1/1 epoch (loss 0.5956):  64%|██████▍   | 801/1250 [21:42<11:43,  1.57s/it]
Training 1/1 epoch (loss 0.5956):  64%|██████▍   | 802/1250 [21:42<11:25,  1.53s/it]
Training 1/1 epoch (loss 0.6493):  64%|██████▍   | 802/1250 [21:44<11:25,  1.53s/it]
Training 1/1 epoch (loss 0.6493):  64%|██████▍   | 803/1250 [21:44<12:02,  1.62s/it]
Training 1/1 epoch (loss 0.4632):  64%|██████▍   | 803/1250 [21:45<12:02,  1.62s/it]
Training 1/1 epoch (loss 0.4632):  64%|██████▍   | 804/1250 [21:45<12:17,  1.65s/it]
Training 1/1 epoch (loss 0.8325):  64%|██████▍   | 804/1250 [21:47<12:17,  1.65s/it]
Training 1/1 epoch (loss 0.8325):  64%|██████▍   | 805/1250 [21:47<11:49,  1.59s/it]
Training 1/1 epoch (loss 0.6077):  64%|██████▍   | 805/1250 [21:49<11:49,  1.59s/it]
Training 1/1 epoch (loss 0.6077):  64%|██████▍   | 806/1250 [21:49<12:10,  1.64s/it]
Training 1/1 epoch (loss 1.1534):  64%|██████▍   | 806/1250 [21:50<12:10,  1.64s/it]
Training 1/1 epoch (loss 1.1534):  65%|██████▍   | 807/1250 [21:50<11:48,  1.60s/it]
Training 1/1 epoch (loss 0.7237):  65%|██████▍   | 807/1250 [21:52<11:48,  1.60s/it]
Training 1/1 epoch (loss 0.7237):  65%|██████▍   | 808/1250 [21:52<12:12,  1.66s/it]
Training 1/1 epoch (loss 0.3175):  65%|██████▍   | 808/1250 [21:53<12:12,  1.66s/it]
Training 1/1 epoch (loss 0.3175):  65%|██████▍   | 809/1250 [21:53<11:51,  1.61s/it]
Training 1/1 epoch (loss 0.4291):  65%|██████▍   | 809/1250 [21:55<11:51,  1.61s/it]
Training 1/1 epoch (loss 0.4291):  65%|██████▍   | 810/1250 [21:55<11:34,  1.58s/it]
Training 1/1 epoch (loss 1.5177):  65%|██████▍   | 810/1250 [21:57<11:34,  1.58s/it]
Training 1/1 epoch (loss 1.5177):  65%|██████▍   | 811/1250 [21:57<12:12,  1.67s/it]
Training 1/1 epoch (loss 0.7687):  65%|██████▍   | 811/1250 [21:58<12:12,  1.67s/it]
Training 1/1 epoch (loss 0.7687):  65%|██████▍   | 812/1250 [21:58<12:12,  1.67s/it]
Training 1/1 epoch (loss 0.5538):  65%|██████▍   | 812/1250 [22:00<12:12,  1.67s/it]
Training 1/1 epoch (loss 0.5538):  65%|██████▌   | 813/1250 [22:00<11:42,  1.61s/it]
Training 1/1 epoch (loss 1.2194):  65%|██████▌   | 813/1250 [22:02<11:42,  1.61s/it]
Training 1/1 epoch (loss 1.2194):  65%|██████▌   | 814/1250 [22:02<11:52,  1.63s/it]
Training 1/1 epoch (loss 0.5481):  65%|██████▌   | 814/1250 [22:03<11:52,  1.63s/it]
Training 1/1 epoch (loss 0.5481):  65%|██████▌   | 815/1250 [22:03<12:24,  1.71s/it]
Training 1/1 epoch (loss 0.3307):  65%|██████▌   | 815/1250 [22:05<12:24,  1.71s/it]
Training 1/1 epoch (loss 0.3307):  65%|██████▌   | 816/1250 [22:05<12:23,  1.71s/it]
Training 1/1 epoch (loss 0.7632):  65%|██████▌   | 816/1250 [22:07<12:23,  1.71s/it]
Training 1/1 epoch (loss 0.7632):  65%|██████▌   | 817/1250 [22:07<11:50,  1.64s/it]
Training 1/1 epoch (loss 0.6646):  65%|██████▌   | 817/1250 [22:08<11:50,  1.64s/it]
Training 1/1 epoch (loss 0.6646):  65%|██████▌   | 818/1250 [22:08<12:03,  1.67s/it]
Training 1/1 epoch (loss 0.4044):  65%|██████▌   | 818/1250 [22:10<12:03,  1.67s/it]
Training 1/1 epoch (loss 0.4044):  66%|██████▌   | 819/1250 [22:10<11:33,  1.61s/it][2025-05-26 17:35:24,919] [INFO] [logging.py:107:log_dist] [Rank 0] step=410, skipped=0, lr=[5.578080177615575e-06, 5.578080177615575e-06], mom=[[0.9, 0.95], [0.9, 0.95]]
[2025-05-26 17:35:24,920] [INFO] [timer.py:264:stop] epoch=0/micro_step=820/global_step=410, RunningAvgSamplesPerSec=3.979571549682196, CurrSamplesPerSec=3.9259573580533544, MemAllocated=8.29GB, MaxMemAllocated=11.09GB

Training 1/1 epoch (loss 0.4878):  66%|██████▌   | 819/1250 [22:12<11:33,  1.61s/it]
Training 1/1 epoch (loss 0.4878):  66%|██████▌   | 820/1250 [22:12<11:43,  1.64s/it]
Training 1/1 epoch (loss 0.2495):  66%|██████▌   | 820/1250 [22:13<11:43,  1.64s/it]
Training 1/1 epoch (loss 0.2495):  66%|██████▌   | 821/1250 [22:13<11:19,  1.59s/it]
Training 1/1 epoch (loss 0.4275):  66%|██████▌   | 821/1250 [22:14<11:19,  1.59s/it]
Training 1/1 epoch (loss 0.4275):  66%|██████▌   | 822/1250 [22:14<10:59,  1.54s/it]
Training 1/1 epoch (loss 0.5367):  66%|██████▌   | 822/1250 [22:16<10:59,  1.54s/it]
Training 1/1 epoch (loss 0.5367):  66%|██████▌   | 823/1250 [22:16<10:52,  1.53s/it]
Training 1/1 epoch (loss 0.9696):  66%|██████▌   | 823/1250 [22:18<10:52,  1.53s/it]
Training 1/1 epoch (loss 0.9696):  66%|██████▌   | 824/1250 [22:18<11:45,  1.66s/it]
Training 1/1 epoch (loss 0.7793):  66%|██████▌   | 824/1250 [22:19<11:45,  1.66s/it]
Training 1/1 epoch (loss 0.7793):  66%|██████▌   | 825/1250 [22:19<11:15,  1.59s/it]
Training 1/1 epoch (loss 0.5287):  66%|██████▌   | 825/1250 [22:21<11:15,  1.59s/it]
Training 1/1 epoch (loss 0.5287):  66%|██████▌   | 826/1250 [22:21<11:26,  1.62s/it]
Training 1/1 epoch (loss 0.8731):  66%|██████▌   | 826/1250 [22:22<11:26,  1.62s/it]
Training 1/1 epoch (loss 0.8731):  66%|██████▌   | 827/1250 [22:22<11:01,  1.56s/it]
Training 1/1 epoch (loss 0.6394):  66%|██████▌   | 827/1250 [22:24<11:01,  1.56s/it]
Training 1/1 epoch (loss 0.6394):  66%|██████▌   | 828/1250 [22:24<11:20,  1.61s/it]
Training 1/1 epoch (loss 0.4619):  66%|██████▌   | 828/1250 [22:26<11:20,  1.61s/it]
Training 1/1 epoch (loss 0.4619):  66%|██████▋   | 829/1250 [22:26<10:57,  1.56s/it]
Training 1/1 epoch (loss 0.4990):  66%|██████▋   | 829/1250 [22:27<10:57,  1.56s/it]
Training 1/1 epoch (loss 0.4990):  66%|██████▋   | 830/1250 [22:27<11:13,  1.60s/it]
Training 1/1 epoch (loss 0.5150):  66%|██████▋   | 830/1250 [22:29<11:13,  1.60s/it]
Training 1/1 epoch (loss 0.5150):  66%|██████▋   | 831/1250 [22:29<10:20,  1.48s/it]
Training 1/1 epoch (loss 0.5551):  66%|██████▋   | 831/1250 [22:30<10:20,  1.48s/it]
Training 1/1 epoch (loss 0.5551):  67%|██████▋   | 832/1250 [22:30<10:44,  1.54s/it]
Training 1/1 epoch (loss 0.5858):  67%|██████▋   | 832/1250 [22:32<10:44,  1.54s/it]
Training 1/1 epoch (loss 0.5858):  67%|██████▋   | 833/1250 [22:32<10:32,  1.52s/it]
Training 1/1 epoch (loss 0.8473):  67%|██████▋   | 833/1250 [22:33<10:32,  1.52s/it]
Training 1/1 epoch (loss 0.8473):  67%|██████▋   | 834/1250 [22:33<11:01,  1.59s/it]
Training 1/1 epoch (loss 0.7496):  67%|██████▋   | 834/1250 [22:35<11:01,  1.59s/it]
Training 1/1 epoch (loss 0.7496):  67%|██████▋   | 835/1250 [22:35<10:46,  1.56s/it]
Training 1/1 epoch (loss 0.7766):  67%|██████▋   | 835/1250 [22:36<10:46,  1.56s/it]
Training 1/1 epoch (loss 0.7766):  67%|██████▋   | 836/1250 [22:36<10:46,  1.56s/it]
Training 1/1 epoch (loss 0.6869):  67%|██████▋   | 836/1250 [22:38<10:46,  1.56s/it]
Training 1/1 epoch (loss 0.6869):  67%|██████▋   | 837/1250 [22:38<09:58,  1.45s/it]
Training 1/1 epoch (loss 0.7727):  67%|██████▋   | 837/1250 [22:39<09:58,  1.45s/it]
Training 1/1 epoch (loss 0.7727):  67%|██████▋   | 838/1250 [22:39<10:28,  1.53s/it]
Training 1/1 epoch (loss 0.2784):  67%|██████▋   | 838/1250 [22:41<10:28,  1.53s/it]
Training 1/1 epoch (loss 0.2784):  67%|██████▋   | 839/1250 [22:41<10:21,  1.51s/it][2025-05-26 17:35:55,952] [INFO] [logging.py:107:log_dist] [Rank 0] step=420, skipped=0, lr=[5.119997902827584e-06, 5.119997902827584e-06], mom=[[0.9, 0.95], [0.9, 0.95]]
[2025-05-26 17:35:55,953] [INFO] [timer.py:264:stop] epoch=0/micro_step=840/global_step=420, RunningAvgSamplesPerSec=3.982633859678463, CurrSamplesPerSec=3.8448242784040576, MemAllocated=8.29GB, MaxMemAllocated=11.09GB

Training 1/1 epoch (loss 0.4940):  67%|██████▋   | 839/1250 [22:43<10:21,  1.51s/it]
Training 1/1 epoch (loss 0.4940):  67%|██████▋   | 840/1250 [22:43<10:46,  1.58s/it]
Training 1/1 epoch (loss 0.6027):  67%|██████▋   | 840/1250 [22:44<10:46,  1.58s/it]
Training 1/1 epoch (loss 0.6027):  67%|██████▋   | 841/1250 [22:44<10:15,  1.51s/it]
Training 1/1 epoch (loss 0.3671):  67%|██████▋   | 841/1250 [22:46<10:15,  1.51s/it]
Training 1/1 epoch (loss 0.3671):  67%|██████▋   | 842/1250 [22:46<10:40,  1.57s/it]
Training 1/1 epoch (loss 0.5570):  67%|██████▋   | 842/1250 [22:47<10:40,  1.57s/it]
Training 1/1 epoch (loss 0.5570):  67%|██████▋   | 843/1250 [22:47<09:54,  1.46s/it]
Training 1/1 epoch (loss 0.5254):  67%|██████▋   | 843/1250 [22:49<09:54,  1.46s/it]
Training 1/1 epoch (loss 0.5254):  68%|██████▊   | 844/1250 [22:49<10:25,  1.54s/it]
Training 1/1 epoch (loss 0.3867):  68%|██████▊   | 844/1250 [22:50<10:25,  1.54s/it]
Training 1/1 epoch (loss 0.3867):  68%|██████▊   | 845/1250 [22:50<10:19,  1.53s/it]
Training 1/1 epoch (loss 0.9517):  68%|██████▊   | 845/1250 [22:52<10:19,  1.53s/it]
Training 1/1 epoch (loss 0.9517):  68%|██████▊   | 846/1250 [22:52<11:09,  1.66s/it]
Training 1/1 epoch (loss 0.5462):  68%|██████▊   | 846/1250 [22:53<11:09,  1.66s/it]
Training 1/1 epoch (loss 0.5462):  68%|██████▊   | 847/1250 [22:53<10:43,  1.60s/it]
Training 1/1 epoch (loss 0.7463):  68%|██████▊   | 847/1250 [22:55<10:43,  1.60s/it]
Training 1/1 epoch (loss 0.7463):  68%|██████▊   | 848/1250 [22:55<10:55,  1.63s/it]
Training 1/1 epoch (loss 0.9445):  68%|██████▊   | 848/1250 [22:57<10:55,  1.63s/it]
Training 1/1 epoch (loss 0.9445):  68%|██████▊   | 849/1250 [22:57<10:34,  1.58s/it]
Training 1/1 epoch (loss 0.9325):  68%|██████▊   | 849/1250 [22:58<10:34,  1.58s/it]
Training 1/1 epoch (loss 0.9325):  68%|██████▊   | 850/1250 [22:58<10:52,  1.63s/it]
Training 1/1 epoch (loss 0.5384):  68%|██████▊   | 850/1250 [23:00<10:52,  1.63s/it]
Training 1/1 epoch (loss 0.5384):  68%|██████▊   | 851/1250 [23:00<10:26,  1.57s/it]
Training 1/1 epoch (loss 0.5151):  68%|██████▊   | 851/1250 [23:02<10:26,  1.57s/it]
Training 1/1 epoch (loss 0.5151):  68%|██████▊   | 852/1250 [23:02<10:36,  1.60s/it]
Training 1/1 epoch (loss 0.6770):  68%|██████▊   | 852/1250 [23:03<10:36,  1.60s/it]
Training 1/1 epoch (loss 0.6770):  68%|██████▊   | 853/1250 [23:03<10:22,  1.57s/it]
Training 1/1 epoch (loss 0.3086):  68%|██████▊   | 853/1250 [23:05<10:22,  1.57s/it]
Training 1/1 epoch (loss 0.3086):  68%|██████▊   | 854/1250 [23:05<10:35,  1.60s/it]
Training 1/1 epoch (loss 0.3736):  68%|██████▊   | 854/1250 [23:07<10:35,  1.60s/it]
Training 1/1 epoch (loss 0.3736):  68%|██████▊   | 855/1250 [23:07<11:02,  1.68s/it]
Training 1/1 epoch (loss 0.7532):  68%|██████▊   | 855/1250 [23:08<11:02,  1.68s/it]
Training 1/1 epoch (loss 0.7532):  68%|██████▊   | 856/1250 [23:08<11:21,  1.73s/it]
Training 1/1 epoch (loss 0.6032):  68%|██████▊   | 856/1250 [23:10<11:21,  1.73s/it]
Training 1/1 epoch (loss 0.6032):  69%|██████▊   | 857/1250 [23:10<10:46,  1.65s/it]
Training 1/1 epoch (loss 0.5837):  69%|██████▊   | 857/1250 [23:12<10:46,  1.65s/it]
Training 1/1 epoch (loss 0.5837):  69%|██████▊   | 858/1250 [23:12<10:53,  1.67s/it]
Training 1/1 epoch (loss 0.6004):  69%|██████▊   | 858/1250 [23:13<10:53,  1.67s/it]
Training 1/1 epoch (loss 0.6004):  69%|██████▊   | 859/1250 [23:13<10:28,  1.61s/it][2025-05-26 17:36:28,041] [INFO] [logging.py:107:log_dist] [Rank 0] step=430, skipped=0, lr=[4.674984720325961e-06, 4.674984720325961e-06], mom=[[0.9, 0.95], [0.9, 0.95]]
[2025-05-26 17:36:28,042] [INFO] [timer.py:264:stop] epoch=0/micro_step=860/global_step=430, RunningAvgSamplesPerSec=3.9828647571422096, CurrSamplesPerSec=4.088337763176462, MemAllocated=8.29GB, MaxMemAllocated=11.09GB

Training 1/1 epoch (loss 0.7983):  69%|██████▊   | 859/1250 [23:15<10:28,  1.61s/it]
Training 1/1 epoch (loss 0.7983):  69%|██████▉   | 860/1250 [23:15<10:30,  1.62s/it]
Training 1/1 epoch (loss 0.5106):  69%|██████▉   | 860/1250 [23:16<10:30,  1.62s/it]
Training 1/1 epoch (loss 0.5106):  69%|██████▉   | 861/1250 [23:16<10:16,  1.58s/it]
Training 1/1 epoch (loss 0.4801):  69%|██████▉   | 861/1250 [23:18<10:16,  1.58s/it]
Training 1/1 epoch (loss 0.4801):  69%|██████▉   | 862/1250 [23:18<10:16,  1.59s/it]
Training 1/1 epoch (loss 0.5918):  69%|██████▉   | 862/1250 [23:19<10:16,  1.59s/it]
Training 1/1 epoch (loss 0.5918):  69%|██████▉   | 863/1250 [23:19<09:58,  1.55s/it]
Training 1/1 epoch (loss 0.3997):  69%|██████▉   | 863/1250 [23:21<09:58,  1.55s/it]
Training 1/1 epoch (loss 0.3997):  69%|██████▉   | 864/1250 [23:21<10:21,  1.61s/it]
Training 1/1 epoch (loss 0.6162):  69%|██████▉   | 864/1250 [23:22<10:21,  1.61s/it]
Training 1/1 epoch (loss 0.6162):  69%|██████▉   | 865/1250 [23:22<09:57,  1.55s/it]
Training 1/1 epoch (loss 1.1145):  69%|██████▉   | 865/1250 [23:24<09:57,  1.55s/it]
Training 1/1 epoch (loss 1.1145):  69%|██████▉   | 866/1250 [23:24<09:40,  1.51s/it]
Training 1/1 epoch (loss 0.6420):  69%|██████▉   | 866/1250 [23:25<09:40,  1.51s/it]
Training 1/1 epoch (loss 0.6420):  69%|██████▉   | 867/1250 [23:25<09:31,  1.49s/it]
Training 1/1 epoch (loss 0.3125):  69%|██████▉   | 867/1250 [23:27<09:31,  1.49s/it]
Training 1/1 epoch (loss 0.3125):  69%|██████▉   | 868/1250 [23:27<09:49,  1.54s/it]
Training 1/1 epoch (loss 0.3723):  69%|██████▉   | 868/1250 [23:28<09:49,  1.54s/it]
Training 1/1 epoch (loss 0.3723):  70%|██████▉   | 869/1250 [23:28<09:45,  1.54s/it]
Training 1/1 epoch (loss 0.5284):  70%|██████▉   | 869/1250 [23:30<09:45,  1.54s/it]
Training 1/1 epoch (loss 0.5284):  70%|██████▉   | 870/1250 [23:30<10:08,  1.60s/it]
Training 1/1 epoch (loss 0.3784):  70%|██████▉   | 870/1250 [23:32<10:08,  1.60s/it]
Training 1/1 epoch (loss 0.3784):  70%|██████▉   | 871/1250 [23:32<09:52,  1.56s/it]
Training 1/1 epoch (loss 0.5759):  70%|██████▉   | 871/1250 [23:33<09:52,  1.56s/it]
Training 1/1 epoch (loss 0.5759):  70%|██████▉   | 872/1250 [23:33<09:39,  1.53s/it]
Training 1/1 epoch (loss 0.7487):  70%|██████▉   | 872/1250 [23:35<09:39,  1.53s/it]
Training 1/1 epoch (loss 0.7487):  70%|██████▉   | 873/1250 [23:35<09:30,  1.51s/it]
Training 1/1 epoch (loss 0.7519):  70%|██████▉   | 873/1250 [23:36<09:30,  1.51s/it]
Training 1/1 epoch (loss 0.7519):  70%|██████▉   | 874/1250 [23:36<09:51,  1.57s/it]
Training 1/1 epoch (loss 0.6380):  70%|██████▉   | 874/1250 [23:38<09:51,  1.57s/it]
Training 1/1 epoch (loss 0.6380):  70%|███████   | 875/1250 [23:38<09:34,  1.53s/it]
Training 1/1 epoch (loss 0.5009):  70%|███████   | 875/1250 [23:39<09:34,  1.53s/it]
Training 1/1 epoch (loss 0.5009):  70%|███████   | 876/1250 [23:39<09:51,  1.58s/it]
Training 1/1 epoch (loss 0.5096):  70%|███████   | 876/1250 [23:41<09:51,  1.58s/it]
Training 1/1 epoch (loss 0.5096):  70%|███████   | 877/1250 [23:41<09:36,  1.54s/it]
Training 1/1 epoch (loss 0.5303):  70%|███████   | 877/1250 [23:43<09:36,  1.54s/it]
Training 1/1 epoch (loss 0.5303):  70%|███████   | 878/1250 [23:43<09:56,  1.60s/it]
Training 1/1 epoch (loss 0.5715):  70%|███████   | 878/1250 [23:44<09:56,  1.60s/it]
Training 1/1 epoch (loss 0.5715):  70%|███████   | 879/1250 [23:44<09:36,  1.55s/it][2025-05-26 17:36:59,148] [INFO] [logging.py:107:log_dist] [Rank 0] step=440, skipped=0, lr=[4.244232416145839e-06, 4.244232416145839e-06], mom=[[0.9, 0.95], [0.9, 0.95]]
[2025-05-26 17:36:59,149] [INFO] [timer.py:264:stop] epoch=0/micro_step=880/global_step=440, RunningAvgSamplesPerSec=3.984284161962726, CurrSamplesPerSec=3.9713474912033897, MemAllocated=8.29GB, MaxMemAllocated=11.09GB

Training 1/1 epoch (loss 0.4297):  70%|███████   | 879/1250 [23:46<09:36,  1.55s/it]
Training 1/1 epoch (loss 0.4297):  70%|███████   | 880/1250 [23:46<09:49,  1.59s/it]
Training 1/1 epoch (loss 1.4486):  70%|███████   | 880/1250 [23:47<09:49,  1.59s/it]
Training 1/1 epoch (loss 1.4486):  70%|███████   | 881/1250 [23:47<09:35,  1.56s/it]
Training 1/1 epoch (loss 0.7276):  70%|███████   | 881/1250 [23:49<09:35,  1.56s/it]
Training 1/1 epoch (loss 0.7276):  71%|███████   | 882/1250 [23:49<09:51,  1.61s/it]
Training 1/1 epoch (loss 0.5685):  71%|███████   | 882/1250 [23:50<09:51,  1.61s/it]
Training 1/1 epoch (loss 0.5685):  71%|███████   | 883/1250 [23:50<09:34,  1.57s/it]
Training 1/1 epoch (loss 0.4957):  71%|███████   | 883/1250 [23:52<09:34,  1.57s/it]
Training 1/1 epoch (loss 0.4957):  71%|███████   | 884/1250 [23:52<09:22,  1.54s/it]
Training 1/1 epoch (loss 1.1302):  71%|███████   | 884/1250 [23:53<09:22,  1.54s/it]
Training 1/1 epoch (loss 1.1302):  71%|███████   | 885/1250 [23:53<09:23,  1.54s/it]
Training 1/1 epoch (loss 0.7367):  71%|███████   | 885/1250 [23:55<09:23,  1.54s/it]
Training 1/1 epoch (loss 0.7367):  71%|███████   | 886/1250 [23:55<09:44,  1.61s/it]
Training 1/1 epoch (loss 0.4673):  71%|███████   | 886/1250 [23:57<09:44,  1.61s/it]
Training 1/1 epoch (loss 0.4673):  71%|███████   | 887/1250 [23:57<09:30,  1.57s/it]
Training 1/1 epoch (loss 0.5769):  71%|███████   | 887/1250 [23:58<09:30,  1.57s/it]
Training 1/1 epoch (loss 0.5769):  71%|███████   | 888/1250 [23:58<09:52,  1.64s/it]
Training 1/1 epoch (loss 0.6255):  71%|███████   | 888/1250 [24:00<09:52,  1.64s/it]
Training 1/1 epoch (loss 0.6255):  71%|███████   | 889/1250 [24:00<09:30,  1.58s/it]
Training 1/1 epoch (loss 0.4575):  71%|███████   | 889/1250 [24:02<09:30,  1.58s/it]
Training 1/1 epoch (loss 0.4575):  71%|███████   | 890/1250 [24:02<09:49,  1.64s/it]
Training 1/1 epoch (loss 0.3678):  71%|███████   | 890/1250 [24:03<09:49,  1.64s/it]
Training 1/1 epoch (loss 0.3678):  71%|███████▏  | 891/1250 [24:03<09:29,  1.59s/it]
Training 1/1 epoch (loss 0.4934):  71%|███████▏  | 891/1250 [24:05<09:29,  1.59s/it]
Training 1/1 epoch (loss 0.4934):  71%|███████▏  | 892/1250 [24:05<09:44,  1.63s/it]
Training 1/1 epoch (loss 0.3351):  71%|███████▏  | 892/1250 [24:06<09:44,  1.63s/it]
Training 1/1 epoch (loss 0.3351):  71%|███████▏  | 893/1250 [24:06<09:22,  1.57s/it]
Training 1/1 epoch (loss 0.9720):  71%|███████▏  | 893/1250 [24:08<09:22,  1.57s/it]
Training 1/1 epoch (loss 0.9720):  72%|███████▏  | 894/1250 [24:08<09:34,  1.61s/it]
Training 1/1 epoch (loss 0.5452):  72%|███████▏  | 894/1250 [24:10<09:34,  1.61s/it]
Training 1/1 epoch (loss 0.5452):  72%|███████▏  | 895/1250 [24:10<09:13,  1.56s/it]
Training 1/1 epoch (loss 0.7422):  72%|███████▏  | 895/1250 [24:11<09:13,  1.56s/it]
Training 1/1 epoch (loss 0.7422):  72%|███████▏  | 896/1250 [24:11<08:58,  1.52s/it]
Training 1/1 epoch (loss 0.5216):  72%|███████▏  | 896/1250 [24:12<08:58,  1.52s/it]
Training 1/1 epoch (loss 0.5216):  72%|███████▏  | 897/1250 [24:12<08:49,  1.50s/it]
Training 1/1 epoch (loss 0.6844):  72%|███████▏  | 897/1250 [24:14<08:49,  1.50s/it]
Training 1/1 epoch (loss 0.6844):  72%|███████▏  | 898/1250 [24:14<09:12,  1.57s/it]
Training 1/1 epoch (loss 0.5205):  72%|███████▏  | 898/1250 [24:16<09:12,  1.57s/it]
Training 1/1 epoch (loss 0.5205):  72%|███████▏  | 899/1250 [24:16<09:00,  1.54s/it][2025-05-26 17:37:30,719] [INFO] [logging.py:107:log_dist] [Rank 0] step=450, skipped=0, lr=[3.828894584384867e-06, 3.828894584384867e-06], mom=[[0.9, 0.95], [0.9, 0.95]]
[2025-05-26 17:37:30,721] [INFO] [timer.py:264:stop] epoch=0/micro_step=900/global_step=450, RunningAvgSamplesPerSec=3.98525406961477, CurrSamplesPerSec=3.8119007000170684, MemAllocated=8.29GB, MaxMemAllocated=11.09GB

Training 1/1 epoch (loss 0.4300):  72%|███████▏  | 899/1250 [24:17<09:00,  1.54s/it]
Training 1/1 epoch (loss 0.4300):  72%|███████▏  | 900/1250 [24:17<09:22,  1.61s/it]
Training 1/1 epoch (loss 0.5820):  72%|███████▏  | 900/1250 [24:19<09:22,  1.61s/it]
Training 1/1 epoch (loss 0.5820):  72%|███████▏  | 901/1250 [24:19<09:04,  1.56s/it]
Training 1/1 epoch (loss 0.5539):  72%|███████▏  | 901/1250 [24:21<09:04,  1.56s/it]
Training 1/1 epoch (loss 0.5539):  72%|███████▏  | 902/1250 [24:21<09:19,  1.61s/it]
Training 1/1 epoch (loss 0.6338):  72%|███████▏  | 902/1250 [24:22<09:19,  1.61s/it]
Training 1/1 epoch (loss 0.6338):  72%|███████▏  | 903/1250 [24:22<09:02,  1.56s/it]
Training 1/1 epoch (loss 0.6869):  72%|███████▏  | 903/1250 [24:24<09:02,  1.56s/it]
Training 1/1 epoch (loss 0.6869):  72%|███████▏  | 904/1250 [24:24<09:16,  1.61s/it]
Training 1/1 epoch (loss 0.4826):  72%|███████▏  | 904/1250 [24:25<09:16,  1.61s/it]
Training 1/1 epoch (loss 0.4826):  72%|███████▏  | 905/1250 [24:25<09:29,  1.65s/it]
Training 1/1 epoch (loss 0.6405):  72%|███████▏  | 905/1250 [24:27<09:29,  1.65s/it]
Training 1/1 epoch (loss 0.6405):  72%|███████▏  | 906/1250 [24:27<09:49,  1.71s/it]
Training 1/1 epoch (loss 0.6025):  72%|███████▏  | 906/1250 [24:29<09:49,  1.71s/it]
Training 1/1 epoch (loss 0.6025):  73%|███████▎  | 907/1250 [24:29<09:32,  1.67s/it]
Training 1/1 epoch (loss 0.6833):  73%|███████▎  | 907/1250 [24:31<09:32,  1.67s/it]
Training 1/1 epoch (loss 0.6833):  73%|███████▎  | 908/1250 [24:31<09:45,  1.71s/it]
Training 1/1 epoch (loss 0.5170):  73%|███████▎  | 908/1250 [24:32<09:45,  1.71s/it]
Training 1/1 epoch (loss 0.5170):  73%|███████▎  | 909/1250 [24:32<09:36,  1.69s/it]
Training 1/1 epoch (loss 0.7554):  73%|███████▎  | 909/1250 [24:34<09:36,  1.69s/it]
Training 1/1 epoch (loss 0.7554):  73%|███████▎  | 910/1250 [24:34<09:46,  1.72s/it]
Training 1/1 epoch (loss 0.7511):  73%|███████▎  | 910/1250 [24:36<09:46,  1.72s/it]
Training 1/1 epoch (loss 0.7511):  73%|███████▎  | 911/1250 [24:36<09:28,  1.68s/it]
Training 1/1 epoch (loss 0.3904):  73%|███████▎  | 911/1250 [24:38<09:28,  1.68s/it]
Training 1/1 epoch (loss 0.3904):  73%|███████▎  | 912/1250 [24:38<09:43,  1.73s/it]
Training 1/1 epoch (loss 0.6394):  73%|███████▎  | 912/1250 [24:39<09:43,  1.73s/it]
Training 1/1 epoch (loss 0.6394):  73%|███████▎  | 913/1250 [24:39<09:26,  1.68s/it]
Training 1/1 epoch (loss 0.2457):  73%|███████▎  | 913/1250 [24:41<09:26,  1.68s/it]
Training 1/1 epoch (loss 0.2457):  73%|███████▎  | 914/1250 [24:41<09:49,  1.75s/it]
Training 1/1 epoch (loss 0.4028):  73%|███████▎  | 914/1250 [24:43<09:49,  1.75s/it]
Training 1/1 epoch (loss 0.4028):  73%|███████▎  | 915/1250 [24:43<09:27,  1.70s/it]
Training 1/1 epoch (loss 0.3725):  73%|███████▎  | 915/1250 [24:44<09:27,  1.70s/it]
Training 1/1 epoch (loss 0.3725):  73%|███████▎  | 916/1250 [24:44<09:38,  1.73s/it]
Training 1/1 epoch (loss 0.3398):  73%|███████▎  | 916/1250 [24:46<09:38,  1.73s/it]
Training 1/1 epoch (loss 0.3398):  73%|███████▎  | 917/1250 [24:46<09:26,  1.70s/it]
Training 1/1 epoch (loss 0.8722):  73%|███████▎  | 917/1250 [24:48<09:26,  1.70s/it]
Training 1/1 epoch (loss 0.8722):  73%|███████▎  | 918/1250 [24:48<09:38,  1.74s/it]
Training 1/1 epoch (loss 0.5162):  73%|███████▎  | 918/1250 [24:49<09:38,  1.74s/it]
Training 1/1 epoch (loss 0.5162):  74%|███████▎  | 919/1250 [24:49<09:15,  1.68s/it][2025-05-26 17:38:04,609] [INFO] [logging.py:107:log_dist] [Rank 0] step=460, skipped=0, lr=[3.4300835377726904e-06, 3.4300835377726904e-06], mom=[[0.9, 0.95], [0.9, 0.95]]
[2025-05-26 17:38:04,610] [INFO] [timer.py:264:stop] epoch=0/micro_step=920/global_step=460, RunningAvgSamplesPerSec=3.9762397385214263, CurrSamplesPerSec=3.5902390176094494, MemAllocated=8.29GB, MaxMemAllocated=11.09GB

Training 1/1 epoch (loss 0.4343):  74%|███████▎  | 919/1250 [24:51<09:15,  1.68s/it]
Training 1/1 epoch (loss 0.4343):  74%|███████▎  | 920/1250 [24:51<09:28,  1.72s/it]
Training 1/1 epoch (loss 0.8017):  74%|███████▎  | 920/1250 [24:53<09:28,  1.72s/it]
Training 1/1 epoch (loss 0.8017):  74%|███████▎  | 921/1250 [24:53<09:02,  1.65s/it]
Training 1/1 epoch (loss 1.1876):  74%|███████▎  | 921/1250 [24:55<09:02,  1.65s/it]
Training 1/1 epoch (loss 1.1876):  74%|███████▍  | 922/1250 [24:55<09:22,  1.72s/it]
Training 1/1 epoch (loss 0.6114):  74%|███████▍  | 922/1250 [24:56<09:22,  1.72s/it]
Training 1/1 epoch (loss 0.6114):  74%|███████▍  | 923/1250 [24:56<09:04,  1.66s/it]
Training 1/1 epoch (loss 0.6789):  74%|███████▍  | 923/1250 [24:58<09:04,  1.66s/it]
Training 1/1 epoch (loss 0.6789):  74%|███████▍  | 924/1250 [24:58<09:15,  1.70s/it]
Training 1/1 epoch (loss 0.3287):  74%|███████▍  | 924/1250 [24:59<09:15,  1.70s/it]
Training 1/1 epoch (loss 0.3287):  74%|███████▍  | 925/1250 [24:59<09:00,  1.66s/it]
Training 1/1 epoch (loss 0.3733):  74%|███████▍  | 925/1250 [25:01<09:00,  1.66s/it]
Training 1/1 epoch (loss 0.3733):  74%|███████▍  | 926/1250 [25:01<08:44,  1.62s/it]
Training 1/1 epoch (loss 0.9237):  74%|███████▍  | 926/1250 [25:03<08:44,  1.62s/it]
Training 1/1 epoch (loss 0.9237):  74%|███████▍  | 927/1250 [25:03<08:36,  1.60s/it]
Training 1/1 epoch (loss 0.4670):  74%|███████▍  | 927/1250 [25:04<08:36,  1.60s/it]
Training 1/1 epoch (loss 0.4670):  74%|███████▍  | 928/1250 [25:04<08:58,  1.67s/it]
Training 1/1 epoch (loss 1.3618):  74%|███████▍  | 928/1250 [25:06<08:58,  1.67s/it]
Training 1/1 epoch (loss 1.3618):  74%|███████▍  | 929/1250 [25:06<08:32,  1.60s/it]
Training 1/1 epoch (loss 0.4908):  74%|███████▍  | 929/1250 [25:08<08:32,  1.60s/it]
Training 1/1 epoch (loss 0.4908):  74%|███████▍  | 930/1250 [25:08<08:44,  1.64s/it]
Training 1/1 epoch (loss 0.5856):  74%|███████▍  | 930/1250 [25:09<08:44,  1.64s/it]
Training 1/1 epoch (loss 0.5856):  74%|███████▍  | 931/1250 [25:09<09:05,  1.71s/it]
Training 1/1 epoch (loss 0.6040):  74%|███████▍  | 931/1250 [25:11<09:05,  1.71s/it]
Training 1/1 epoch (loss 0.6040):  75%|███████▍  | 932/1250 [25:11<09:04,  1.71s/it]
Training 1/1 epoch (loss 0.5230):  75%|███████▍  | 932/1250 [25:13<09:04,  1.71s/it]
Training 1/1 epoch (loss 0.5230):  75%|███████▍  | 933/1250 [25:13<09:23,  1.78s/it]
Training 1/1 epoch (loss 0.8635):  75%|███████▍  | 933/1250 [25:15<09:23,  1.78s/it]
Training 1/1 epoch (loss 0.8635):  75%|███████▍  | 934/1250 [25:15<09:26,  1.79s/it]
Training 1/1 epoch (loss 0.4772):  75%|███████▍  | 934/1250 [25:17<09:26,  1.79s/it]
Training 1/1 epoch (loss 0.4772):  75%|███████▍  | 935/1250 [25:17<09:23,  1.79s/it]
Training 1/1 epoch (loss 0.6746):  75%|███████▍  | 935/1250 [25:19<09:23,  1.79s/it]
Training 1/1 epoch (loss 0.6746):  75%|███████▍  | 936/1250 [25:19<09:45,  1.87s/it]
Training 1/1 epoch (loss 0.6935):  75%|███████▍  | 936/1250 [25:20<09:45,  1.87s/it]
Training 1/1 epoch (loss 0.6935):  75%|███████▍  | 937/1250 [25:20<09:08,  1.75s/it]
Training 1/1 epoch (loss 1.0713):  75%|███████▍  | 937/1250 [25:22<09:08,  1.75s/it]
Training 1/1 epoch (loss 1.0713):  75%|███████▌  | 938/1250 [25:22<09:00,  1.73s/it]
Training 1/1 epoch (loss 0.4640):  75%|███████▌  | 938/1250 [25:23<09:00,  1.73s/it]
Training 1/1 epoch (loss 0.4640):  75%|███████▌  | 939/1250 [25:23<08:31,  1.64s/it][2025-05-26 17:38:38,168] [INFO] [logging.py:107:log_dist] [Rank 0] step=470, skipped=0, lr=[3.048867328795588e-06, 3.048867328795588e-06], mom=[[0.9, 0.95], [0.9, 0.95]]
[2025-05-26 17:38:38,169] [INFO] [timer.py:264:stop] epoch=0/micro_step=940/global_step=470, RunningAvgSamplesPerSec=3.9743778496063653, CurrSamplesPerSec=4.522906015530763, MemAllocated=8.29GB, MaxMemAllocated=11.09GB

Training 1/1 epoch (loss 0.5271):  75%|███████▌  | 939/1250 [25:25<08:31,  1.64s/it]
Training 1/1 epoch (loss 0.5271):  75%|███████▌  | 940/1250 [25:25<08:10,  1.58s/it]
Training 1/1 epoch (loss 0.4712):  75%|███████▌  | 940/1250 [25:26<08:10,  1.58s/it]
Training 1/1 epoch (loss 0.4712):  75%|███████▌  | 941/1250 [25:26<07:57,  1.55s/it]
Training 1/1 epoch (loss 0.6373):  75%|███████▌  | 941/1250 [25:28<07:57,  1.55s/it]
Training 1/1 epoch (loss 0.6373):  75%|███████▌  | 942/1250 [25:28<07:49,  1.52s/it]
Training 1/1 epoch (loss 0.6137):  75%|███████▌  | 942/1250 [25:29<07:49,  1.52s/it]
Training 1/1 epoch (loss 0.6137):  75%|███████▌  | 943/1250 [25:29<07:49,  1.53s/it]
Training 1/1 epoch (loss 0.4217):  75%|███████▌  | 943/1250 [25:31<07:49,  1.53s/it]
Training 1/1 epoch (loss 0.4217):  76%|███████▌  | 944/1250 [25:31<07:39,  1.50s/it]
Training 1/1 epoch (loss 0.4559):  76%|███████▌  | 944/1250 [25:32<07:39,  1.50s/it]
Training 1/1 epoch (loss 0.4559):  76%|███████▌  | 945/1250 [25:32<07:34,  1.49s/it]
Training 1/1 epoch (loss 0.3051):  76%|███████▌  | 945/1250 [25:34<07:34,  1.49s/it]
Training 1/1 epoch (loss 0.3051):  76%|███████▌  | 946/1250 [25:34<07:51,  1.55s/it]
Training 1/1 epoch (loss 0.7835):  76%|███████▌  | 946/1250 [25:35<07:51,  1.55s/it]
Training 1/1 epoch (loss 0.7835):  76%|███████▌  | 947/1250 [25:35<07:41,  1.52s/it]
Training 1/1 epoch (loss 0.5165):  76%|███████▌  | 947/1250 [25:37<07:41,  1.52s/it]
Training 1/1 epoch (loss 0.5165):  76%|███████▌  | 948/1250 [25:37<07:47,  1.55s/it]
Training 1/1 epoch (loss 1.0512):  76%|███████▌  | 948/1250 [25:38<07:47,  1.55s/it]
Training 1/1 epoch (loss 1.0512):  76%|███████▌  | 949/1250 [25:38<07:40,  1.53s/it]
Training 1/1 epoch (loss 1.0097):  76%|███████▌  | 949/1250 [25:40<07:40,  1.53s/it]
Training 1/1 epoch (loss 1.0097):  76%|███████▌  | 950/1250 [25:40<07:57,  1.59s/it]
Training 1/1 epoch (loss 0.4270):  76%|███████▌  | 950/1250 [25:42<07:57,  1.59s/it]
Training 1/1 epoch (loss 0.4270):  76%|███████▌  | 951/1250 [25:42<08:15,  1.66s/it]
Training 1/1 epoch (loss 0.5558):  76%|███████▌  | 951/1250 [25:44<08:15,  1.66s/it]
Training 1/1 epoch (loss 0.5558):  76%|███████▌  | 952/1250 [25:44<08:24,  1.69s/it]
Training 1/1 epoch (loss 0.5358):  76%|███████▌  | 952/1250 [25:45<08:24,  1.69s/it]
Training 1/1 epoch (loss 0.5358):  76%|███████▌  | 953/1250 [25:45<08:05,  1.63s/it]
Training 1/1 epoch (loss 0.6135):  76%|███████▌  | 953/1250 [25:47<08:05,  1.63s/it]
Training 1/1 epoch (loss 0.6135):  76%|███████▋  | 954/1250 [25:47<08:11,  1.66s/it]
Training 1/1 epoch (loss 0.5890):  76%|███████▋  | 954/1250 [25:48<08:11,  1.66s/it]
Training 1/1 epoch (loss 0.5890):  76%|███████▋  | 955/1250 [25:48<07:55,  1.61s/it]
Training 1/1 epoch (loss 0.6315):  76%|███████▋  | 955/1250 [25:50<07:55,  1.61s/it]
Training 1/1 epoch (loss 0.6315):  76%|███████▋  | 956/1250 [25:50<08:08,  1.66s/it]
Training 1/1 epoch (loss 0.3771):  76%|███████▋  | 956/1250 [25:52<08:08,  1.66s/it]
Training 1/1 epoch (loss 0.3771):  77%|███████▋  | 957/1250 [25:52<07:53,  1.62s/it]
Training 1/1 epoch (loss 0.5907):  77%|███████▋  | 957/1250 [25:54<07:53,  1.62s/it]
Training 1/1 epoch (loss 0.5907):  77%|███████▋  | 958/1250 [25:54<08:06,  1.67s/it]
Training 1/1 epoch (loss 1.1198):  77%|███████▋  | 958/1250 [25:55<08:06,  1.67s/it]
Training 1/1 epoch (loss 1.1198):  77%|███████▋  | 959/1250 [25:55<07:59,  1.65s/it][2025-05-26 17:39:10,307] [INFO] [logging.py:107:log_dist] [Rank 0] step=480, skipped=0, lr=[2.686266889354211e-06, 2.686266889354211e-06], mom=[[0.9, 0.95], [0.9, 0.95]]
[2025-05-26 17:39:10,308] [INFO] [timer.py:264:stop] epoch=0/micro_step=960/global_step=480, RunningAvgSamplesPerSec=3.974437410502858, CurrSamplesPerSec=3.5739052359132613, MemAllocated=8.29GB, MaxMemAllocated=11.09GB

Training 1/1 epoch (loss 0.5725):  77%|███████▋  | 959/1250 [25:57<07:59,  1.65s/it]
Training 1/1 epoch (loss 0.5725):  77%|███████▋  | 960/1250 [25:57<08:14,  1.70s/it]
Training 1/1 epoch (loss 0.4435):  77%|███████▋  | 960/1250 [25:58<08:14,  1.70s/it]
Training 1/1 epoch (loss 0.4435):  77%|███████▋  | 961/1250 [25:58<07:55,  1.64s/it]
Training 1/1 epoch (loss 0.7083):  77%|███████▋  | 961/1250 [26:00<07:55,  1.64s/it]
Training 1/1 epoch (loss 0.7083):  77%|███████▋  | 962/1250 [26:00<07:54,  1.65s/it]
Training 1/1 epoch (loss 0.3070):  77%|███████▋  | 962/1250 [26:02<07:54,  1.65s/it]
Training 1/1 epoch (loss 0.3070):  77%|███████▋  | 963/1250 [26:02<07:42,  1.61s/it]
Training 1/1 epoch (loss 1.2247):  77%|███████▋  | 963/1250 [26:03<07:42,  1.61s/it]
Training 1/1 epoch (loss 1.2247):  77%|███████▋  | 964/1250 [26:03<07:52,  1.65s/it]
Training 1/1 epoch (loss 0.4359):  77%|███████▋  | 964/1250 [26:05<07:52,  1.65s/it]
Training 1/1 epoch (loss 0.4359):  77%|███████▋  | 965/1250 [26:05<07:38,  1.61s/it]
Training 1/1 epoch (loss 0.7827):  77%|███████▋  | 965/1250 [26:07<07:38,  1.61s/it]
Training 1/1 epoch (loss 0.7827):  77%|███████▋  | 966/1250 [26:07<07:52,  1.66s/it]
Training 1/1 epoch (loss 0.5694):  77%|███████▋  | 966/1250 [26:08<07:52,  1.66s/it]
Training 1/1 epoch (loss 0.5694):  77%|███████▋  | 967/1250 [26:08<07:41,  1.63s/it]
Training 1/1 epoch (loss 0.6915):  77%|███████▋  | 967/1250 [26:10<07:41,  1.63s/it]
Training 1/1 epoch (loss 0.6915):  77%|███████▋  | 968/1250 [26:10<07:51,  1.67s/it]
Training 1/1 epoch (loss 0.6846):  77%|███████▋  | 968/1250 [26:11<07:51,  1.67s/it]
Training 1/1 epoch (loss 0.6846):  78%|███████▊  | 969/1250 [26:11<07:32,  1.61s/it]
Training 1/1 epoch (loss 0.7485):  78%|███████▊  | 969/1250 [26:13<07:32,  1.61s/it]
Training 1/1 epoch (loss 0.7485):  78%|███████▊  | 970/1250 [26:13<07:45,  1.66s/it]
Training 1/1 epoch (loss 0.4976):  78%|███████▊  | 970/1250 [26:15<07:45,  1.66s/it]
Training 1/1 epoch (loss 0.4976):  78%|███████▊  | 971/1250 [26:15<07:27,  1.60s/it]
Training 1/1 epoch (loss 0.8922):  78%|███████▊  | 971/1250 [26:16<07:27,  1.60s/it]
Training 1/1 epoch (loss 0.8922):  78%|███████▊  | 972/1250 [26:16<07:38,  1.65s/it]
Training 1/1 epoch (loss 0.5865):  78%|███████▊  | 972/1250 [26:18<07:38,  1.65s/it]
Training 1/1 epoch (loss 0.5865):  78%|███████▊  | 973/1250 [26:18<07:25,  1.61s/it]
Training 1/1 epoch (loss 0.3695):  78%|███████▊  | 973/1250 [26:20<07:25,  1.61s/it]
Training 1/1 epoch (loss 0.3695):  78%|███████▊  | 974/1250 [26:20<07:31,  1.64s/it]
Training 1/1 epoch (loss 0.3785):  78%|███████▊  | 974/1250 [26:21<07:31,  1.64s/it]
Training 1/1 epoch (loss 0.3785):  78%|███████▊  | 975/1250 [26:21<07:15,  1.58s/it]
Training 1/1 epoch (loss 0.7128):  78%|███████▊  | 975/1250 [26:23<07:15,  1.58s/it]
Training 1/1 epoch (loss 0.7128):  78%|███████▊  | 976/1250 [26:23<07:21,  1.61s/it]
Training 1/1 epoch (loss 0.6401):  78%|███████▊  | 976/1250 [26:24<07:21,  1.61s/it]
Training 1/1 epoch (loss 0.6401):  78%|███████▊  | 977/1250 [26:24<06:45,  1.49s/it]
Training 1/1 epoch (loss 0.8597):  78%|███████▊  | 977/1250 [26:26<06:45,  1.49s/it]
Training 1/1 epoch (loss 0.8597):  78%|███████▊  | 978/1250 [26:26<07:01,  1.55s/it]
Training 1/1 epoch (loss 0.5698):  78%|███████▊  | 978/1250 [26:27<07:01,  1.55s/it]
Training 1/1 epoch (loss 0.5698):  78%|███████▊  | 979/1250 [26:27<06:50,  1.52s/it][2025-05-26 17:39:41,983] [INFO] [logging.py:107:log_dist] [Rank 0] step=490, skipped=0, lr=[2.3432532966144526e-06, 2.3432532966144526e-06], mom=[[0.9, 0.95], [0.9, 0.95]]
[2025-05-26 17:39:41,984] [INFO] [timer.py:264:stop] epoch=0/micro_step=980/global_step=490, RunningAvgSamplesPerSec=3.9739275965653427, CurrSamplesPerSec=4.544766761261222, MemAllocated=8.29GB, MaxMemAllocated=11.09GB

Training 1/1 epoch (loss 0.3463):  78%|███████▊  | 979/1250 [26:29<06:50,  1.52s/it]
Training 1/1 epoch (loss 0.3463):  78%|███████▊  | 980/1250 [26:29<06:43,  1.50s/it]
Training 1/1 epoch (loss 0.5650):  78%|███████▊  | 980/1250 [26:30<06:43,  1.50s/it]
Training 1/1 epoch (loss 0.5650):  78%|███████▊  | 981/1250 [26:30<06:41,  1.49s/it]
Training 1/1 epoch (loss 0.6632):  78%|███████▊  | 981/1250 [26:32<06:41,  1.49s/it]
Training 1/1 epoch (loss 0.6632):  79%|███████▊  | 982/1250 [26:32<06:35,  1.48s/it]
Training 1/1 epoch (loss 0.4233):  79%|███████▊  | 982/1250 [26:33<06:35,  1.48s/it]
Training 1/1 epoch (loss 0.4233):  79%|███████▊  | 983/1250 [26:33<06:33,  1.47s/it]
Training 1/1 epoch (loss 0.8597):  79%|███████▊  | 983/1250 [26:35<06:33,  1.47s/it]
Training 1/1 epoch (loss 0.8597):  79%|███████▊  | 984/1250 [26:35<06:49,  1.54s/it]
Training 1/1 epoch (loss 0.6966):  79%|███████▊  | 984/1250 [26:36<06:49,  1.54s/it]
Training 1/1 epoch (loss 0.6966):  79%|███████▉  | 985/1250 [26:36<06:39,  1.51s/it]
Training 1/1 epoch (loss 0.4541):  79%|███████▉  | 985/1250 [26:38<06:39,  1.51s/it]
Training 1/1 epoch (loss 0.4541):  79%|███████▉  | 986/1250 [26:38<06:50,  1.56s/it]
Training 1/1 epoch (loss 0.7193):  79%|███████▉  | 986/1250 [26:40<06:50,  1.56s/it]
Training 1/1 epoch (loss 0.7193):  79%|███████▉  | 987/1250 [26:40<07:13,  1.65s/it]
Training 1/1 epoch (loss 0.7783):  79%|███████▉  | 987/1250 [26:42<07:13,  1.65s/it]
Training 1/1 epoch (loss 0.7783):  79%|███████▉  | 988/1250 [26:42<07:44,  1.77s/it]
Training 1/1 epoch (loss 0.5226):  79%|███████▉  | 988/1250 [26:44<07:44,  1.77s/it]
Training 1/1 epoch (loss 0.5226):  79%|███████▉  | 989/1250 [26:44<07:42,  1.77s/it]
Training 1/1 epoch (loss 0.6223):  79%|███████▉  | 989/1250 [26:46<07:42,  1.77s/it]
Training 1/1 epoch (loss 0.6223):  79%|███████▉  | 990/1250 [26:46<08:00,  1.85s/it]
Training 1/1 epoch (loss 0.6104):  79%|███████▉  | 990/1250 [26:47<08:00,  1.85s/it]
Training 1/1 epoch (loss 0.6104):  79%|███████▉  | 991/1250 [26:47<07:59,  1.85s/it]
Training 1/1 epoch (loss 0.5898):  79%|███████▉  | 991/1250 [26:49<07:59,  1.85s/it]
Training 1/1 epoch (loss 0.5898):  79%|███████▉  | 992/1250 [26:49<08:17,  1.93s/it]
Training 1/1 epoch (loss 0.3765):  79%|███████▉  | 992/1250 [26:51<08:17,  1.93s/it]
Training 1/1 epoch (loss 0.3765):  79%|███████▉  | 993/1250 [26:51<08:03,  1.88s/it]
Training 1/1 epoch (loss 0.4139):  79%|███████▉  | 993/1250 [26:53<08:03,  1.88s/it]
Training 1/1 epoch (loss 0.4139):  80%|███████▉  | 994/1250 [26:53<08:12,  1.92s/it]
Training 1/1 epoch (loss 0.2057):  80%|███████▉  | 994/1250 [26:55<08:12,  1.92s/it]
Training 1/1 epoch (loss 0.2057):  80%|███████▉  | 995/1250 [26:55<07:59,  1.88s/it]
Training 1/1 epoch (loss 0.6770):  80%|███████▉  | 995/1250 [26:57<07:59,  1.88s/it]
Training 1/1 epoch (loss 0.6770):  80%|███████▉  | 996/1250 [26:57<08:10,  1.93s/it]
Training 1/1 epoch (loss 0.3937):  80%|███████▉  | 996/1250 [26:59<08:10,  1.93s/it]
Training 1/1 epoch (loss 0.3937):  80%|███████▉  | 997/1250 [26:59<07:36,  1.80s/it]
Training 1/1 epoch (loss 0.5909):  80%|███████▉  | 997/1250 [27:01<07:36,  1.80s/it]
Training 1/1 epoch (loss 0.5909):  80%|███████▉  | 998/1250 [27:01<07:50,  1.87s/it]
Training 1/1 epoch (loss 1.2030):  80%|███████▉  | 998/1250 [27:02<07:50,  1.87s/it]
Training 1/1 epoch (loss 1.2030):  80%|███████▉  | 999/1250 [27:02<07:46,  1.86s/it][2025-05-26 17:40:17,580] [INFO] [logging.py:107:log_dist] [Rank 0] step=500, skipped=0, lr=[2.0207451723739633e-06, 2.0207451723739633e-06], mom=[[0.9, 0.95], [0.9, 0.95]]
[2025-05-26 17:40:17,581] [INFO] [timer.py:264:stop] epoch=0/micro_step=1000/global_step=500, RunningAvgSamplesPerSec=3.9739882651043086, CurrSamplesPerSec=3.833916695942418, MemAllocated=8.29GB, MaxMemAllocated=11.09GB

Training 1/1 epoch (loss 0.6305):  80%|███████▉  | 999/1250 [27:05<07:46,  1.86s/it]
Training 1/1 epoch (loss 0.6305):  80%|████████  | 1000/1250 [27:05<08:02,  1.93s/it]
Training 1/1 epoch (loss 0.5325):  80%|████████  | 1000/1250 [27:06<08:02,  1.93s/it]
Training 1/1 epoch (loss 0.5325):  80%|████████  | 1001/1250 [27:06<07:53,  1.90s/it]
Training 1/1 epoch (loss 0.8214):  80%|████████  | 1001/1250 [27:09<07:53,  1.90s/it]
Training 1/1 epoch (loss 0.8214):  80%|████████  | 1002/1250 [27:09<08:05,  1.96s/it]
Training 1/1 epoch (loss 0.5583):  80%|████████  | 1002/1250 [27:10<08:05,  1.96s/it]
Training 1/1 epoch (loss 0.5583):  80%|████████  | 1003/1250 [27:10<07:55,  1.93s/it]
Training 1/1 epoch (loss 0.7726):  80%|████████  | 1003/1250 [27:12<07:55,  1.93s/it]
Training 1/1 epoch (loss 0.7726):  80%|████████  | 1004/1250 [27:12<07:58,  1.94s/it]
Training 1/1 epoch (loss 0.3951):  80%|████████  | 1004/1250 [27:14<07:58,  1.94s/it]
Training 1/1 epoch (loss 0.3951):  80%|████████  | 1005/1250 [27:14<07:47,  1.91s/it]
Training 1/1 epoch (loss 0.3795):  80%|████████  | 1005/1250 [27:16<07:47,  1.91s/it]
Training 1/1 epoch (loss 0.3795):  80%|████████  | 1006/1250 [27:16<07:58,  1.96s/it]
Training 1/1 epoch (loss 0.7631):  80%|████████  | 1006/1250 [27:18<07:58,  1.96s/it]
Training 1/1 epoch (loss 0.7631):  81%|████████  | 1007/1250 [27:18<07:46,  1.92s/it]
Training 1/1 epoch (loss 0.7362):  81%|████████  | 1007/1250 [27:20<07:46,  1.92s/it]
Training 1/1 epoch (loss 0.7362):  81%|████████  | 1008/1250 [27:20<07:55,  1.96s/it]
Training 1/1 epoch (loss 0.8288):  81%|████████  | 1008/1250 [27:22<07:55,  1.96s/it]
Training 1/1 epoch (loss 0.8288):  81%|████████  | 1009/1250 [27:22<07:45,  1.93s/it]
Training 1/1 epoch (loss 0.5061):  81%|████████  | 1009/1250 [27:24<07:45,  1.93s/it]
Training 1/1 epoch (loss 0.5061):  81%|████████  | 1010/1250 [27:24<07:56,  1.98s/it]
Training 1/1 epoch (loss 0.4307):  81%|████████  | 1010/1250 [27:26<07:56,  1.98s/it]
Training 1/1 epoch (loss 0.4307):  81%|████████  | 1011/1250 [27:26<07:48,  1.96s/it]
Training 1/1 epoch (loss 0.5114):  81%|████████  | 1011/1250 [27:28<07:48,  1.96s/it]
Training 1/1 epoch (loss 0.5114):  81%|████████  | 1012/1250 [27:28<07:55,  2.00s/it]
Training 1/1 epoch (loss 1.0060):  81%|████████  | 1012/1250 [27:30<07:55,  2.00s/it]
Training 1/1 epoch (loss 1.0060):  81%|████████  | 1013/1250 [27:30<07:42,  1.95s/it]
Training 1/1 epoch (loss 0.6734):  81%|████████  | 1013/1250 [27:32<07:42,  1.95s/it]
Training 1/1 epoch (loss 0.6734):  81%|████████  | 1014/1250 [27:32<07:50,  1.99s/it]
Training 1/1 epoch (loss 0.7228):  81%|████████  | 1014/1250 [27:34<07:50,  1.99s/it]
Training 1/1 epoch (loss 0.7228):  81%|████████  | 1015/1250 [27:34<07:36,  1.94s/it]
Training 1/1 epoch (loss 0.5078):  81%|████████  | 1015/1250 [27:36<07:36,  1.94s/it]
Training 1/1 epoch (loss 0.5078):  81%|████████▏ | 1016/1250 [27:36<07:17,  1.87s/it]
Training 1/1 epoch (loss 0.6144):  81%|████████▏ | 1016/1250 [27:37<07:17,  1.87s/it]
Training 1/1 epoch (loss 0.6144):  81%|████████▏ | 1017/1250 [27:37<06:46,  1.75s/it]
Training 1/1 epoch (loss 0.2734):  81%|████████▏ | 1017/1250 [27:39<06:46,  1.75s/it]
Training 1/1 epoch (loss 0.2734):  81%|████████▏ | 1018/1250 [27:39<06:40,  1.73s/it]
Training 1/1 epoch (loss 0.5574):  81%|████████▏ | 1018/1250 [27:40<06:40,  1.73s/it]
Training 1/1 epoch (loss 0.5574):  82%|████████▏ | 1019/1250 [27:40<06:18,  1.64s/it][2025-05-26 17:40:55,185] [INFO] [logging.py:107:log_dist] [Rank 0] step=510, skipped=0, lr=[1.7196062229088606e-06, 1.7196062229088606e-06], mom=[[0.9, 0.95], [0.9, 0.95]]
[2025-05-26 17:40:55,186] [INFO] [timer.py:264:stop] epoch=0/micro_step=1020/global_step=510, RunningAvgSamplesPerSec=3.9719486461604414, CurrSamplesPerSec=3.998262590882518, MemAllocated=8.29GB, MaxMemAllocated=11.09GB

Training 1/1 epoch (loss 0.7043):  82%|████████▏ | 1019/1250 [27:42<06:18,  1.64s/it]
Training 1/1 epoch (loss 0.7043):  82%|████████▏ | 1020/1250 [27:42<06:20,  1.65s/it]
Training 1/1 epoch (loss 0.3693):  82%|████████▏ | 1020/1250 [27:43<06:20,  1.65s/it]
Training 1/1 epoch (loss 0.3693):  82%|████████▏ | 1021/1250 [27:43<06:08,  1.61s/it]
Training 1/1 epoch (loss 0.5606):  82%|████████▏ | 1021/1250 [27:45<06:08,  1.61s/it]
Training 1/1 epoch (loss 0.5606):  82%|████████▏ | 1022/1250 [27:45<06:13,  1.64s/it]
Training 1/1 epoch (loss 0.2035):  82%|████████▏ | 1022/1250 [27:47<06:13,  1.64s/it]
Training 1/1 epoch (loss 0.2035):  82%|████████▏ | 1023/1250 [27:47<06:03,  1.60s/it]
Training 1/1 epoch (loss 0.3096):  82%|████████▏ | 1023/1250 [27:48<06:03,  1.60s/it]
Training 1/1 epoch (loss 0.3096):  82%|████████▏ | 1024/1250 [27:48<06:09,  1.64s/it]
Training 1/1 epoch (loss 0.6569):  82%|████████▏ | 1024/1250 [27:50<06:09,  1.64s/it]
Training 1/1 epoch (loss 0.6569):  82%|████████▏ | 1025/1250 [27:50<05:54,  1.58s/it]
Training 1/1 epoch (loss 0.4627):  82%|████████▏ | 1025/1250 [27:51<05:54,  1.58s/it]
Training 1/1 epoch (loss 0.4627):  82%|████████▏ | 1026/1250 [27:51<05:59,  1.60s/it]
Training 1/1 epoch (loss 0.3958):  82%|████████▏ | 1026/1250 [27:53<05:59,  1.60s/it]
Training 1/1 epoch (loss 0.3958):  82%|████████▏ | 1027/1250 [27:53<05:53,  1.58s/it]
Training 1/1 epoch (loss 0.5784):  82%|████████▏ | 1027/1250 [27:55<05:53,  1.58s/it]
Training 1/1 epoch (loss 0.5784):  82%|████████▏ | 1028/1250 [27:55<06:01,  1.63s/it]
Training 1/1 epoch (loss 1.1165):  82%|████████▏ | 1028/1250 [27:56<06:01,  1.63s/it]
Training 1/1 epoch (loss 1.1165):  82%|████████▏ | 1029/1250 [27:56<05:29,  1.49s/it]
Training 1/1 epoch (loss 0.7552):  82%|████████▏ | 1029/1250 [27:58<05:29,  1.49s/it]
Training 1/1 epoch (loss 0.7552):  82%|████████▏ | 1030/1250 [27:58<05:42,  1.56s/it]
Training 1/1 epoch (loss 0.3719):  82%|████████▏ | 1030/1250 [27:59<05:42,  1.56s/it]
Training 1/1 epoch (loss 0.3719):  82%|████████▏ | 1031/1250 [27:59<05:36,  1.54s/it]
Training 1/1 epoch (loss 0.5350):  82%|████████▏ | 1031/1250 [28:01<05:36,  1.54s/it]
Training 1/1 epoch (loss 0.5350):  83%|████████▎ | 1032/1250 [28:01<05:47,  1.59s/it]
Training 1/1 epoch (loss 0.5597):  83%|████████▎ | 1032/1250 [28:02<05:47,  1.59s/it]
Training 1/1 epoch (loss 0.5597):  83%|████████▎ | 1033/1250 [28:02<05:37,  1.56s/it]
Training 1/1 epoch (loss 0.4899):  83%|████████▎ | 1033/1250 [28:04<05:37,  1.56s/it]
Training 1/1 epoch (loss 0.4899):  83%|████████▎ | 1034/1250 [28:04<05:46,  1.60s/it]
Training 1/1 epoch (loss 0.2901):  83%|████████▎ | 1034/1250 [28:05<05:46,  1.60s/it]
Training 1/1 epoch (loss 0.2901):  83%|████████▎ | 1035/1250 [28:05<05:41,  1.59s/it]
Training 1/1 epoch (loss 0.7311):  83%|████████▎ | 1035/1250 [28:07<05:41,  1.59s/it]
Training 1/1 epoch (loss 0.7311):  83%|████████▎ | 1036/1250 [28:07<05:50,  1.64s/it]
Training 1/1 epoch (loss 0.4261):  83%|████████▎ | 1036/1250 [28:09<05:50,  1.64s/it]
Training 1/1 epoch (loss 0.4261):  83%|████████▎ | 1037/1250 [28:09<05:39,  1.59s/it]
Training 1/1 epoch (loss 0.8302):  83%|████████▎ | 1037/1250 [28:10<05:39,  1.59s/it]
Training 1/1 epoch (loss 0.8302):  83%|████████▎ | 1038/1250 [28:10<05:46,  1.63s/it]
Training 1/1 epoch (loss 0.4835):  83%|████████▎ | 1038/1250 [28:12<05:46,  1.63s/it]
Training 1/1 epoch (loss 0.4835):  83%|████████▎ | 1039/1250 [28:12<05:16,  1.50s/it][2025-05-26 17:41:26,687] [INFO] [logging.py:107:log_dist] [Rank 0] step=520, skipped=0, lr=[1.4406429258892762e-06, 1.4406429258892762e-06], mom=[[0.9, 0.95], [0.9, 0.95]]
[2025-05-26 17:41:26,688] [INFO] [timer.py:264:stop] epoch=0/micro_step=1040/global_step=520, RunningAvgSamplesPerSec=3.9718402508817947, CurrSamplesPerSec=4.553532649298543, MemAllocated=8.29GB, MaxMemAllocated=11.09GB

Training 1/1 epoch (loss 1.0160):  83%|████████▎ | 1039/1250 [28:13<05:16,  1.50s/it]
Training 1/1 epoch (loss 1.0160):  83%|████████▎ | 1040/1250 [28:13<05:29,  1.57s/it]
Training 1/1 epoch (loss 0.2939):  83%|████████▎ | 1040/1250 [28:15<05:29,  1.57s/it]
Training 1/1 epoch (loss 0.2939):  83%|████████▎ | 1041/1250 [28:15<05:20,  1.53s/it]
Training 1/1 epoch (loss 0.8797):  83%|████████▎ | 1041/1250 [28:16<05:20,  1.53s/it]
Training 1/1 epoch (loss 0.8797):  83%|████████▎ | 1042/1250 [28:16<05:26,  1.57s/it]
Training 1/1 epoch (loss 0.4276):  83%|████████▎ | 1042/1250 [28:18<05:26,  1.57s/it]
Training 1/1 epoch (loss 0.4276):  83%|████████▎ | 1043/1250 [28:18<05:17,  1.53s/it]
Training 1/1 epoch (loss 0.6240):  83%|████████▎ | 1043/1250 [28:20<05:17,  1.53s/it]
Training 1/1 epoch (loss 0.6240):  84%|████████▎ | 1044/1250 [28:20<05:32,  1.61s/it]
Training 1/1 epoch (loss 0.5140):  84%|████████▎ | 1044/1250 [28:21<05:32,  1.61s/it]
Training 1/1 epoch (loss 0.5140):  84%|████████▎ | 1045/1250 [28:21<05:19,  1.56s/it]
Training 1/1 epoch (loss 0.3566):  84%|████████▎ | 1045/1250 [28:23<05:19,  1.56s/it]
Training 1/1 epoch (loss 0.3566):  84%|████████▎ | 1046/1250 [28:23<05:26,  1.60s/it]
Training 1/1 epoch (loss 0.7111):  84%|████████▎ | 1046/1250 [28:24<05:26,  1.60s/it]
Training 1/1 epoch (loss 0.7111):  84%|████████▍ | 1047/1250 [28:24<05:15,  1.55s/it]
Training 1/1 epoch (loss 0.6699):  84%|████████▍ | 1047/1250 [28:26<05:15,  1.55s/it]
Training 1/1 epoch (loss 0.6699):  84%|████████▍ | 1048/1250 [28:26<05:23,  1.60s/it]
Training 1/1 epoch (loss 0.4418):  84%|████████▍ | 1048/1250 [28:27<05:23,  1.60s/it]
Training 1/1 epoch (loss 0.4418):  84%|████████▍ | 1049/1250 [28:27<05:12,  1.56s/it]
Training 1/1 epoch (loss 0.3648):  84%|████████▍ | 1049/1250 [28:29<05:12,  1.56s/it]
Training 1/1 epoch (loss 0.3648):  84%|████████▍ | 1050/1250 [28:29<05:19,  1.60s/it]
Training 1/1 epoch (loss 0.6067):  84%|████████▍ | 1050/1250 [28:31<05:19,  1.60s/it]
Training 1/1 epoch (loss 0.6067):  84%|████████▍ | 1051/1250 [28:31<05:06,  1.54s/it]
Training 1/1 epoch (loss 0.4168):  84%|████████▍ | 1051/1250 [28:32<05:06,  1.54s/it]
Training 1/1 epoch (loss 0.4168):  84%|████████▍ | 1052/1250 [28:32<05:12,  1.58s/it]
Training 1/1 epoch (loss 0.3543):  84%|████████▍ | 1052/1250 [28:34<05:12,  1.58s/it]
Training 1/1 epoch (loss 0.3543):  84%|████████▍ | 1053/1250 [28:34<05:01,  1.53s/it]
Training 1/1 epoch (loss 0.7660):  84%|████████▍ | 1053/1250 [28:35<05:01,  1.53s/it]
Training 1/1 epoch (loss 0.7660):  84%|████████▍ | 1054/1250 [28:35<05:09,  1.58s/it]
Training 1/1 epoch (loss 0.6685):  84%|████████▍ | 1054/1250 [28:37<05:09,  1.58s/it]
Training 1/1 epoch (loss 0.6685):  84%|████████▍ | 1055/1250 [28:37<04:53,  1.51s/it]
Training 1/1 epoch (loss 0.4382):  84%|████████▍ | 1055/1250 [28:38<04:53,  1.51s/it]
Training 1/1 epoch (loss 0.4382):  84%|████████▍ | 1056/1250 [28:38<05:01,  1.55s/it]
Training 1/1 epoch (loss 0.5055):  84%|████████▍ | 1056/1250 [28:40<05:01,  1.55s/it]
Training 1/1 epoch (loss 0.5055):  85%|████████▍ | 1057/1250 [28:40<04:53,  1.52s/it]
Training 1/1 epoch (loss 0.3504):  85%|████████▍ | 1057/1250 [28:42<04:53,  1.52s/it]
Training 1/1 epoch (loss 0.3504):  85%|████████▍ | 1058/1250 [28:42<05:07,  1.60s/it]
Training 1/1 epoch (loss 1.2210):  85%|████████▍ | 1058/1250 [28:43<05:07,  1.60s/it]
Training 1/1 epoch (loss 1.2210):  85%|████████▍ | 1059/1250 [28:43<04:56,  1.55s/it][2025-05-26 17:41:58,043] [INFO] [logging.py:107:log_dist] [Rank 0] step=530, skipped=0, lr=[1.1846023705583442e-06, 1.1846023705583442e-06], mom=[[0.9, 0.95], [0.9, 0.95]]
[2025-05-26 17:41:58,044] [INFO] [timer.py:264:stop] epoch=0/micro_step=1060/global_step=530, RunningAvgSamplesPerSec=3.972555288534825, CurrSamplesPerSec=4.036062503889915, MemAllocated=8.29GB, MaxMemAllocated=11.09GB

Training 1/1 epoch (loss 0.4732):  85%|████████▍ | 1059/1250 [28:45<04:56,  1.55s/it]
Training 1/1 epoch (loss 0.4732):  85%|████████▍ | 1060/1250 [28:45<05:01,  1.59s/it]
Training 1/1 epoch (loss 0.3770):  85%|████████▍ | 1060/1250 [28:46<05:01,  1.59s/it]
Training 1/1 epoch (loss 0.3770):  85%|████████▍ | 1061/1250 [28:46<04:50,  1.54s/it]
Training 1/1 epoch (loss 0.5301):  85%|████████▍ | 1061/1250 [28:48<04:50,  1.54s/it]
Training 1/1 epoch (loss 0.5301):  85%|████████▍ | 1062/1250 [28:48<04:57,  1.58s/it]
Training 1/1 epoch (loss 0.2084):  85%|████████▍ | 1062/1250 [28:49<04:57,  1.58s/it]
Training 1/1 epoch (loss 0.2084):  85%|████████▌ | 1063/1250 [28:49<04:35,  1.47s/it]
Training 1/1 epoch (loss 0.7011):  85%|████████▌ | 1063/1250 [28:51<04:35,  1.47s/it]
Training 1/1 epoch (loss 0.7011):  85%|████████▌ | 1064/1250 [28:51<04:46,  1.54s/it]
Training 1/1 epoch (loss 0.6095):  85%|████████▌ | 1064/1250 [28:52<04:46,  1.54s/it]
Training 1/1 epoch (loss 0.6095):  85%|████████▌ | 1065/1250 [28:52<04:41,  1.52s/it]
Training 1/1 epoch (loss 0.4633):  85%|████████▌ | 1065/1250 [28:54<04:41,  1.52s/it]
Training 1/1 epoch (loss 0.4633):  85%|████████▌ | 1066/1250 [28:54<04:48,  1.57s/it]
Training 1/1 epoch (loss 0.6328):  85%|████████▌ | 1066/1250 [28:55<04:48,  1.57s/it]
Training 1/1 epoch (loss 0.6328):  85%|████████▌ | 1067/1250 [28:55<04:41,  1.54s/it]
Training 1/1 epoch (loss 0.7518):  85%|████████▌ | 1067/1250 [28:57<04:41,  1.54s/it]
Training 1/1 epoch (loss 0.7518):  85%|████████▌ | 1068/1250 [28:57<04:49,  1.59s/it]
Training 1/1 epoch (loss 0.4663):  85%|████████▌ | 1068/1250 [28:58<04:49,  1.59s/it]
Training 1/1 epoch (loss 0.4663):  86%|████████▌ | 1069/1250 [28:58<04:40,  1.55s/it]
Training 1/1 epoch (loss 1.2678):  86%|████████▌ | 1069/1250 [29:00<04:40,  1.55s/it]
Training 1/1 epoch (loss 1.2678):  86%|████████▌ | 1070/1250 [29:00<04:44,  1.58s/it]
Training 1/1 epoch (loss 0.5650):  86%|████████▌ | 1070/1250 [29:02<04:44,  1.58s/it]
Training 1/1 epoch (loss 0.5650):  86%|████████▌ | 1071/1250 [29:02<04:35,  1.54s/it]
Training 1/1 epoch (loss 0.7428):  86%|████████▌ | 1071/1250 [29:03<04:35,  1.54s/it]
Training 1/1 epoch (loss 0.7428):  86%|████████▌ | 1072/1250 [29:03<04:44,  1.60s/it]
Training 1/1 epoch (loss 0.6259):  86%|████████▌ | 1072/1250 [29:05<04:44,  1.60s/it]
Training 1/1 epoch (loss 0.6259):  86%|████████▌ | 1073/1250 [29:05<04:34,  1.55s/it]
Training 1/1 epoch (loss 0.4031):  86%|████████▌ | 1073/1250 [29:06<04:34,  1.55s/it]
Training 1/1 epoch (loss 0.4031):  86%|████████▌ | 1074/1250 [29:06<04:39,  1.59s/it]
Training 1/1 epoch (loss 1.1706):  86%|████████▌ | 1074/1250 [29:08<04:39,  1.59s/it]
Training 1/1 epoch (loss 1.1706):  86%|████████▌ | 1075/1250 [29:08<04:32,  1.56s/it]
Training 1/1 epoch (loss 0.3102):  86%|████████▌ | 1075/1250 [29:10<04:32,  1.56s/it]
Training 1/1 epoch (loss 0.3102):  86%|████████▌ | 1076/1250 [29:10<04:40,  1.61s/it]
Training 1/1 epoch (loss 0.8743):  86%|████████▌ | 1076/1250 [29:11<04:40,  1.61s/it]
Training 1/1 epoch (loss 0.8743):  86%|████████▌ | 1077/1250 [29:11<04:29,  1.56s/it]
Training 1/1 epoch (loss 0.3418):  86%|████████▌ | 1077/1250 [29:13<04:29,  1.56s/it]
Training 1/1 epoch (loss 0.3418):  86%|████████▌ | 1078/1250 [29:13<04:37,  1.61s/it]
Training 1/1 epoch (loss 0.4561):  86%|████████▌ | 1078/1250 [29:14<04:37,  1.61s/it]
Training 1/1 epoch (loss 0.4561):  86%|████████▋ | 1079/1250 [29:14<04:26,  1.56s/it][2025-05-26 17:42:29,341] [INFO] [logging.py:107:log_dist] [Rank 0] step=540, skipped=0, lr=[9.521702569588199e-07, 9.521702569588199e-07], mom=[[0.9, 0.95], [0.9, 0.95]]
[2025-05-26 17:42:29,342] [INFO] [timer.py:264:stop] epoch=0/micro_step=1080/global_step=540, RunningAvgSamplesPerSec=3.973982220862415, CurrSamplesPerSec=3.975212548355279, MemAllocated=8.29GB, MaxMemAllocated=11.09GB

Training 1/1 epoch (loss 0.6108):  86%|████████▋ | 1079/1250 [29:16<04:26,  1.56s/it]
Training 1/1 epoch (loss 0.6108):  86%|████████▋ | 1080/1250 [29:16<04:33,  1.61s/it]
Training 1/1 epoch (loss 0.8992):  86%|████████▋ | 1080/1250 [29:17<04:33,  1.61s/it]
Training 1/1 epoch (loss 0.8992):  86%|████████▋ | 1081/1250 [29:17<04:22,  1.55s/it]
Training 1/1 epoch (loss 0.3606):  86%|████████▋ | 1081/1250 [29:19<04:22,  1.55s/it]
Training 1/1 epoch (loss 0.3606):  87%|████████▋ | 1082/1250 [29:19<04:27,  1.59s/it]
Training 1/1 epoch (loss 0.6440):  87%|████████▋ | 1082/1250 [29:21<04:27,  1.59s/it]
Training 1/1 epoch (loss 0.6440):  87%|████████▋ | 1083/1250 [29:21<04:17,  1.54s/it]
Training 1/1 epoch (loss 0.6440):  87%|████████▋ | 1083/1250 [29:22<04:17,  1.54s/it]
Training 1/1 epoch (loss 0.6440):  87%|████████▋ | 1084/1250 [29:22<04:23,  1.58s/it]
Training 1/1 epoch (loss 0.6935):  87%|████████▋ | 1084/1250 [29:24<04:23,  1.58s/it]
Training 1/1 epoch (loss 0.6935):  87%|████████▋ | 1085/1250 [29:24<04:15,  1.55s/it]
Training 1/1 epoch (loss 0.8425):  87%|████████▋ | 1085/1250 [29:25<04:15,  1.55s/it]
Training 1/1 epoch (loss 0.8425):  87%|████████▋ | 1086/1250 [29:25<04:22,  1.60s/it]
Training 1/1 epoch (loss 0.4413):  87%|████████▋ | 1086/1250 [29:27<04:22,  1.60s/it]
Training 1/1 epoch (loss 0.4413):  87%|████████▋ | 1087/1250 [29:27<04:14,  1.56s/it]
Training 1/1 epoch (loss 0.5446):  87%|████████▋ | 1087/1250 [29:29<04:14,  1.56s/it]
Training 1/1 epoch (loss 0.5446):  87%|████████▋ | 1088/1250 [29:29<04:21,  1.62s/it]
Training 1/1 epoch (loss 0.3916):  87%|████████▋ | 1088/1250 [29:30<04:21,  1.62s/it]
Training 1/1 epoch (loss 0.3916):  87%|████████▋ | 1089/1250 [29:30<04:12,  1.57s/it]
Training 1/1 epoch (loss 0.5283):  87%|████████▋ | 1089/1250 [29:32<04:12,  1.57s/it]
Training 1/1 epoch (loss 0.5283):  87%|████████▋ | 1090/1250 [29:32<04:19,  1.62s/it]
Training 1/1 epoch (loss 0.6351):  87%|████████▋ | 1090/1250 [29:33<04:19,  1.62s/it]
Training 1/1 epoch (loss 0.6351):  87%|████████▋ | 1091/1250 [29:33<04:09,  1.57s/it]
Training 1/1 epoch (loss 0.5518):  87%|████████▋ | 1091/1250 [29:35<04:09,  1.57s/it]
Training 1/1 epoch (loss 0.5518):  87%|████████▋ | 1092/1250 [29:35<04:15,  1.62s/it]
Training 1/1 epoch (loss 0.2933):  87%|████████▋ | 1092/1250 [29:36<04:15,  1.62s/it]
Training 1/1 epoch (loss 0.2933):  87%|████████▋ | 1093/1250 [29:36<04:07,  1.58s/it]
Training 1/1 epoch (loss 0.5869):  87%|████████▋ | 1093/1250 [29:38<04:07,  1.58s/it]
Training 1/1 epoch (loss 0.5869):  88%|████████▊ | 1094/1250 [29:38<04:10,  1.61s/it]
Training 1/1 epoch (loss 0.5808):  88%|████████▊ | 1094/1250 [29:40<04:10,  1.61s/it]
Training 1/1 epoch (loss 0.5808):  88%|████████▊ | 1095/1250 [29:40<04:02,  1.57s/it]
Training 1/1 epoch (loss 0.4433):  88%|████████▊ | 1095/1250 [29:41<04:02,  1.57s/it]
Training 1/1 epoch (loss 0.4433):  88%|████████▊ | 1096/1250 [29:41<04:08,  1.61s/it]
Training 1/1 epoch (loss 0.5222):  88%|████████▊ | 1096/1250 [29:43<04:08,  1.61s/it]
Training 1/1 epoch (loss 0.5222):  88%|████████▊ | 1097/1250 [29:43<03:59,  1.57s/it]
Training 1/1 epoch (loss 0.4492):  88%|████████▊ | 1097/1250 [29:45<03:59,  1.57s/it]
Training 1/1 epoch (loss 0.4492):  88%|████████▊ | 1098/1250 [29:45<04:06,  1.62s/it]
Training 1/1 epoch (loss 0.9513):  88%|████████▊ | 1098/1250 [29:46<04:06,  1.62s/it]
Training 1/1 epoch (loss 0.9513):  88%|████████▊ | 1099/1250 [29:46<04:00,  1.59s/it][2025-05-26 17:43:01,192] [INFO] [logging.py:107:log_dist] [Rank 0] step=550, skipped=0, lr=[7.439690595656013e-07, 7.439690595656013e-07], mom=[[0.9, 0.95], [0.9, 0.95]]
[2025-05-26 17:43:01,193] [INFO] [timer.py:264:stop] epoch=0/micro_step=1100/global_step=550, RunningAvgSamplesPerSec=3.972772630484272, CurrSamplesPerSec=3.8132132788982265, MemAllocated=8.29GB, MaxMemAllocated=11.09GB

Training 1/1 epoch (loss 0.5058):  88%|████████▊ | 1099/1250 [29:48<04:00,  1.59s/it]
Training 1/1 epoch (loss 0.5058):  88%|████████▊ | 1100/1250 [29:48<04:05,  1.64s/it]
Training 1/1 epoch (loss 0.6159):  88%|████████▊ | 1100/1250 [29:49<04:05,  1.64s/it]
Training 1/1 epoch (loss 0.6159):  88%|████████▊ | 1101/1250 [29:49<03:57,  1.59s/it]
Training 1/1 epoch (loss 0.6381):  88%|████████▊ | 1101/1250 [29:51<03:57,  1.59s/it]
Training 1/1 epoch (loss 0.6381):  88%|████████▊ | 1102/1250 [29:51<04:02,  1.64s/it]
Training 1/1 epoch (loss 0.2874):  88%|████████▊ | 1102/1250 [29:53<04:02,  1.64s/it]
Training 1/1 epoch (loss 0.2874):  88%|████████▊ | 1103/1250 [29:53<03:54,  1.60s/it]
Training 1/1 epoch (loss 0.4759):  88%|████████▊ | 1103/1250 [29:54<03:54,  1.60s/it]
Training 1/1 epoch (loss 0.4759):  88%|████████▊ | 1104/1250 [29:54<04:00,  1.65s/it]
Training 1/1 epoch (loss 0.4291):  88%|████████▊ | 1104/1250 [29:56<04:00,  1.65s/it]
Training 1/1 epoch (loss 0.4291):  88%|████████▊ | 1105/1250 [29:56<03:51,  1.60s/it]
Training 1/1 epoch (loss 0.4339):  88%|████████▊ | 1105/1250 [29:58<03:51,  1.60s/it]
Training 1/1 epoch (loss 0.4339):  88%|████████▊ | 1106/1250 [29:58<03:55,  1.63s/it]
Training 1/1 epoch (loss 0.4554):  88%|████████▊ | 1106/1250 [29:59<03:55,  1.63s/it]
Training 1/1 epoch (loss 0.4554):  89%|████████▊ | 1107/1250 [29:59<04:03,  1.70s/it]
Training 1/1 epoch (loss 0.9660):  89%|████████▊ | 1107/1250 [30:01<04:03,  1.70s/it]
Training 1/1 epoch (loss 0.9660):  89%|████████▊ | 1108/1250 [30:01<04:02,  1.71s/it]
Training 1/1 epoch (loss 0.6352):  89%|████████▊ | 1108/1250 [30:03<04:02,  1.71s/it]
Training 1/1 epoch (loss 0.6352):  89%|████████▊ | 1109/1250 [30:03<04:06,  1.75s/it]
Training 1/1 epoch (loss 0.7622):  89%|████████▊ | 1109/1250 [30:05<04:06,  1.75s/it]
Training 1/1 epoch (loss 0.7622):  89%|████████▉ | 1110/1250 [30:05<04:08,  1.78s/it]
Training 1/1 epoch (loss 1.0948):  89%|████████▉ | 1110/1250 [30:06<04:08,  1.78s/it]
Training 1/1 epoch (loss 1.0948):  89%|████████▉ | 1111/1250 [30:06<03:54,  1.69s/it]
Training 1/1 epoch (loss 0.4823):  89%|████████▉ | 1111/1250 [30:08<03:54,  1.69s/it]
Training 1/1 epoch (loss 0.4823):  89%|████████▉ | 1112/1250 [30:08<03:43,  1.62s/it]
Training 1/1 epoch (loss 0.7176):  89%|████████▉ | 1112/1250 [30:09<03:43,  1.62s/it]
Training 1/1 epoch (loss 0.7176):  89%|████████▉ | 1113/1250 [30:09<03:34,  1.57s/it]
Training 1/1 epoch (loss 0.8594):  89%|████████▉ | 1113/1250 [30:11<03:34,  1.57s/it]
Training 1/1 epoch (loss 0.8594):  89%|████████▉ | 1114/1250 [30:11<03:38,  1.61s/it]
Training 1/1 epoch (loss 0.5186):  89%|████████▉ | 1114/1250 [30:12<03:38,  1.61s/it]
Training 1/1 epoch (loss 0.5186):  89%|████████▉ | 1115/1250 [30:12<03:32,  1.58s/it]
Training 1/1 epoch (loss 0.4758):  89%|████████▉ | 1115/1250 [30:14<03:32,  1.58s/it]
Training 1/1 epoch (loss 0.4758):  89%|████████▉ | 1116/1250 [30:14<03:36,  1.61s/it]
Training 1/1 epoch (loss 0.7874):  89%|████████▉ | 1116/1250 [30:16<03:36,  1.61s/it]
Training 1/1 epoch (loss 0.7874):  89%|████████▉ | 1117/1250 [30:16<03:27,  1.56s/it]
Training 1/1 epoch (loss 0.5224):  89%|████████▉ | 1117/1250 [30:17<03:27,  1.56s/it]
Training 1/1 epoch (loss 0.5224):  89%|████████▉ | 1118/1250 [30:17<03:32,  1.61s/it]
Training 1/1 epoch (loss 0.5441):  89%|████████▉ | 1118/1250 [30:19<03:32,  1.61s/it]
Training 1/1 epoch (loss 0.5441):  90%|████████▉ | 1119/1250 [30:19<03:25,  1.57s/it][2025-05-26 17:43:33,781] [INFO] [logging.py:107:log_dist] [Rank 0] step=560, skipped=0, lr=[5.605563602421149e-07, 5.605563602421149e-07], mom=[[0.9, 0.95], [0.9, 0.95]]
[2025-05-26 17:43:33,782] [INFO] [timer.py:264:stop] epoch=0/micro_step=1120/global_step=560, RunningAvgSamplesPerSec=3.9724501097163003, CurrSamplesPerSec=3.9424693134820212, MemAllocated=8.29GB, MaxMemAllocated=11.09GB

Training 1/1 epoch (loss 0.4599):  90%|████████▉ | 1119/1250 [30:20<03:25,  1.57s/it]
Training 1/1 epoch (loss 0.4599):  90%|████████▉ | 1120/1250 [30:20<03:28,  1.60s/it]
Training 1/1 epoch (loss 0.7505):  90%|████████▉ | 1120/1250 [30:22<03:28,  1.60s/it]
Training 1/1 epoch (loss 0.7505):  90%|████████▉ | 1121/1250 [30:22<03:21,  1.56s/it]
Training 1/1 epoch (loss 0.7881):  90%|████████▉ | 1121/1250 [30:24<03:21,  1.56s/it]
Training 1/1 epoch (loss 0.7881):  90%|████████▉ | 1122/1250 [30:24<03:24,  1.60s/it]
Training 1/1 epoch (loss 0.6481):  90%|████████▉ | 1122/1250 [30:25<03:24,  1.60s/it]
Training 1/1 epoch (loss 0.6481):  90%|████████▉ | 1123/1250 [30:25<03:18,  1.57s/it]
Training 1/1 epoch (loss 0.5791):  90%|████████▉ | 1123/1250 [30:27<03:18,  1.57s/it]
Training 1/1 epoch (loss 0.5791):  90%|████████▉ | 1124/1250 [30:27<03:21,  1.60s/it]
Training 1/1 epoch (loss 0.7272):  90%|████████▉ | 1124/1250 [30:28<03:21,  1.60s/it]
Training 1/1 epoch (loss 0.7272):  90%|█████████ | 1125/1250 [30:28<03:15,  1.56s/it]
Training 1/1 epoch (loss 0.6444):  90%|█████████ | 1125/1250 [30:30<03:15,  1.56s/it]
Training 1/1 epoch (loss 0.6444):  90%|█████████ | 1126/1250 [30:30<03:18,  1.60s/it]
Training 1/1 epoch (loss 1.1256):  90%|█████████ | 1126/1250 [30:31<03:18,  1.60s/it]
Training 1/1 epoch (loss 1.1256):  90%|█████████ | 1127/1250 [30:31<03:10,  1.55s/it]
Training 1/1 epoch (loss 0.5797):  90%|█████████ | 1127/1250 [30:33<03:10,  1.55s/it]
Training 1/1 epoch (loss 0.5797):  90%|█████████ | 1128/1250 [30:33<03:14,  1.59s/it]
Training 1/1 epoch (loss 0.5749):  90%|█████████ | 1128/1250 [30:35<03:14,  1.59s/it]
Training 1/1 epoch (loss 0.5749):  90%|█████████ | 1129/1250 [30:35<03:09,  1.56s/it]
Training 1/1 epoch (loss 0.3599):  90%|█████████ | 1129/1250 [30:36<03:09,  1.56s/it]
Training 1/1 epoch (loss 0.3599):  90%|█████████ | 1130/1250 [30:36<03:12,  1.61s/it]
Training 1/1 epoch (loss 0.7435):  90%|█████████ | 1130/1250 [30:38<03:12,  1.61s/it]
Training 1/1 epoch (loss 0.7435):  90%|█████████ | 1131/1250 [30:38<03:05,  1.56s/it]
Training 1/1 epoch (loss 0.6248):  90%|█████████ | 1131/1250 [30:39<03:05,  1.56s/it]
Training 1/1 epoch (loss 0.6248):  91%|█████████ | 1132/1250 [30:39<03:09,  1.60s/it]
Training 1/1 epoch (loss 0.3370):  91%|█████████ | 1132/1250 [30:41<03:09,  1.60s/it]
Training 1/1 epoch (loss 0.3370):  91%|█████████ | 1133/1250 [30:41<03:16,  1.68s/it]
Training 1/1 epoch (loss 0.6493):  91%|█████████ | 1133/1250 [30:43<03:16,  1.68s/it]
Training 1/1 epoch (loss 0.6493):  91%|█████████ | 1134/1250 [30:43<03:29,  1.80s/it]
Training 1/1 epoch (loss 0.6650):  91%|█████████ | 1134/1250 [30:45<03:29,  1.80s/it]
Training 1/1 epoch (loss 0.6650):  91%|█████████ | 1135/1250 [30:45<03:28,  1.81s/it]
Training 1/1 epoch (loss 0.4938):  91%|█████████ | 1135/1250 [30:47<03:28,  1.81s/it]
Training 1/1 epoch (loss 0.4938):  91%|█████████ | 1136/1250 [30:47<03:23,  1.78s/it]
Training 1/1 epoch (loss 0.4256):  91%|█████████ | 1136/1250 [30:48<03:23,  1.78s/it]
Training 1/1 epoch (loss 0.4256):  91%|█████████ | 1137/1250 [30:48<03:02,  1.61s/it]
Training 1/1 epoch (loss 0.6626):  91%|█████████ | 1137/1250 [30:50<03:02,  1.61s/it]
Training 1/1 epoch (loss 0.6626):  91%|█████████ | 1138/1250 [30:50<03:04,  1.65s/it]
Training 1/1 epoch (loss 0.5865):  91%|█████████ | 1138/1250 [30:51<03:04,  1.65s/it]
Training 1/1 epoch (loss 0.5865):  91%|█████████ | 1139/1250 [30:51<02:57,  1.60s/it][2025-05-26 17:44:06,404] [INFO] [logging.py:107:log_dist] [Rank 0] step=570, skipped=0, lr=[4.024233549850509e-07, 4.024233549850509e-07], mom=[[0.9, 0.95], [0.9, 0.95]]
[2025-05-26 17:44:06,405] [INFO] [timer.py:264:stop] epoch=0/micro_step=1140/global_step=570, RunningAvgSamplesPerSec=3.9718763212162402, CurrSamplesPerSec=3.803887190912858, MemAllocated=8.29GB, MaxMemAllocated=11.09GB

Training 1/1 epoch (loss 0.6065):  91%|█████████ | 1139/1250 [30:53<02:57,  1.60s/it]
Training 1/1 epoch (loss 0.6065):  91%|█████████ | 1140/1250 [30:53<03:00,  1.64s/it]
Training 1/1 epoch (loss 0.6975):  91%|█████████ | 1140/1250 [30:55<03:00,  1.64s/it]
Training 1/1 epoch (loss 0.6975):  91%|█████████▏| 1141/1250 [30:55<02:54,  1.60s/it]
Training 1/1 epoch (loss 0.3759):  91%|█████████▏| 1141/1250 [30:56<02:54,  1.60s/it]
Training 1/1 epoch (loss 0.3759):  91%|█████████▏| 1142/1250 [30:56<02:47,  1.55s/it]
Training 1/1 epoch (loss 0.7782):  91%|█████████▏| 1142/1250 [30:58<02:47,  1.55s/it]
Training 1/1 epoch (loss 0.7782):  91%|█████████▏| 1143/1250 [30:58<02:45,  1.55s/it]
Training 1/1 epoch (loss 0.3872):  91%|█████████▏| 1143/1250 [30:59<02:45,  1.55s/it]
Training 1/1 epoch (loss 0.3872):  92%|█████████▏| 1144/1250 [30:59<02:49,  1.60s/it]
Training 1/1 epoch (loss 0.2263):  92%|█████████▏| 1144/1250 [31:01<02:49,  1.60s/it]
Training 1/1 epoch (loss 0.2263):  92%|█████████▏| 1145/1250 [31:01<02:41,  1.54s/it]
Training 1/1 epoch (loss 0.5514):  92%|█████████▏| 1145/1250 [31:02<02:41,  1.54s/it]
Training 1/1 epoch (loss 0.5514):  92%|█████████▏| 1146/1250 [31:02<02:37,  1.51s/it]
Training 1/1 epoch (loss 0.5111):  92%|█████████▏| 1146/1250 [31:04<02:37,  1.51s/it]
Training 1/1 epoch (loss 0.5111):  92%|█████████▏| 1147/1250 [31:04<02:33,  1.49s/it]
Training 1/1 epoch (loss 0.5073):  92%|█████████▏| 1147/1250 [31:05<02:33,  1.49s/it]
Training 1/1 epoch (loss 0.5073):  92%|█████████▏| 1148/1250 [31:05<02:38,  1.56s/it]
Training 1/1 epoch (loss 0.2902):  92%|█████████▏| 1148/1250 [31:06<02:38,  1.56s/it]
Training 1/1 epoch (loss 0.2902):  92%|█████████▏| 1149/1250 [31:06<02:25,  1.44s/it]
Training 1/1 epoch (loss 0.8861):  92%|█████████▏| 1149/1250 [31:08<02:25,  1.44s/it]
Training 1/1 epoch (loss 0.8861):  92%|█████████▏| 1150/1250 [31:08<02:33,  1.54s/it]
Training 1/1 epoch (loss 0.8624):  92%|█████████▏| 1150/1250 [31:10<02:33,  1.54s/it]
Training 1/1 epoch (loss 0.8624):  92%|█████████▏| 1151/1250 [31:10<02:29,  1.51s/it]
Training 1/1 epoch (loss 0.5230):  92%|█████████▏| 1151/1250 [31:11<02:29,  1.51s/it]
Training 1/1 epoch (loss 0.5230):  92%|█████████▏| 1152/1250 [31:11<02:36,  1.60s/it]
Training 1/1 epoch (loss 0.5014):  92%|█████████▏| 1152/1250 [31:13<02:36,  1.60s/it]
Training 1/1 epoch (loss 0.5014):  92%|█████████▏| 1153/1250 [31:13<02:23,  1.48s/it]
Training 1/1 epoch (loss 0.5491):  92%|█████████▏| 1153/1250 [31:14<02:23,  1.48s/it]
Training 1/1 epoch (loss 0.5491):  92%|█████████▏| 1154/1250 [31:14<02:29,  1.55s/it]
Training 1/1 epoch (loss 0.5229):  92%|█████████▏| 1154/1250 [31:16<02:29,  1.55s/it]
Training 1/1 epoch (loss 0.5229):  92%|█████████▏| 1155/1250 [31:16<02:24,  1.52s/it]
Training 1/1 epoch (loss 0.4858):  92%|█████████▏| 1155/1250 [31:18<02:24,  1.52s/it]
Training 1/1 epoch (loss 0.4858):  92%|█████████▏| 1156/1250 [31:18<02:29,  1.59s/it]
Training 1/1 epoch (loss 0.3340):  92%|█████████▏| 1156/1250 [31:19<02:29,  1.59s/it]
Training 1/1 epoch (loss 0.3340):  93%|█████████▎| 1157/1250 [31:19<02:25,  1.57s/it]
Training 1/1 epoch (loss 0.3147):  93%|█████████▎| 1157/1250 [31:21<02:25,  1.57s/it]
Training 1/1 epoch (loss 0.3147):  93%|█████████▎| 1158/1250 [31:21<02:21,  1.53s/it]
Training 1/1 epoch (loss 0.7799):  93%|█████████▎| 1158/1250 [31:22<02:21,  1.53s/it]
Training 1/1 epoch (loss 0.7799):  93%|█████████▎| 1159/1250 [31:22<02:11,  1.44s/it][2025-05-26 17:44:36,808] [INFO] [logging.py:107:log_dist] [Rank 0] step=580, skipped=0, lr=[2.6999353845651113e-07, 2.6999353845651113e-07], mom=[[0.9, 0.95], [0.9, 0.95]]
[2025-05-26 17:44:36,809] [INFO] [timer.py:264:stop] epoch=0/micro_step=1160/global_step=580, RunningAvgSamplesPerSec=3.9757179579403004, CurrSamplesPerSec=4.458047557801952, MemAllocated=8.29GB, MaxMemAllocated=11.09GB

Training 1/1 epoch (loss 0.9818):  93%|█████████▎| 1159/1250 [31:23<02:11,  1.44s/it]
Training 1/1 epoch (loss 0.9818):  93%|█████████▎| 1160/1250 [31:23<02:16,  1.52s/it]
Training 1/1 epoch (loss 0.4757):  93%|█████████▎| 1160/1250 [31:25<02:16,  1.52s/it]
Training 1/1 epoch (loss 0.4757):  93%|█████████▎| 1161/1250 [31:25<02:12,  1.49s/it]
Training 1/1 epoch (loss 0.9891):  93%|█████████▎| 1161/1250 [31:27<02:12,  1.49s/it]
Training 1/1 epoch (loss 0.9891):  93%|█████████▎| 1162/1250 [31:27<02:18,  1.57s/it]
Training 1/1 epoch (loss 0.5428):  93%|█████████▎| 1162/1250 [31:28<02:18,  1.57s/it]
Training 1/1 epoch (loss 0.5428):  93%|█████████▎| 1163/1250 [31:28<02:16,  1.57s/it]
Training 1/1 epoch (loss 0.5923):  93%|█████████▎| 1163/1250 [31:30<02:16,  1.57s/it]
Training 1/1 epoch (loss 0.5923):  93%|█████████▎| 1164/1250 [31:30<02:18,  1.61s/it]
Training 1/1 epoch (loss 0.5356):  93%|█████████▎| 1164/1250 [31:31<02:18,  1.61s/it]
Training 1/1 epoch (loss 0.5356):  93%|█████████▎| 1165/1250 [31:31<02:12,  1.56s/it]
Training 1/1 epoch (loss 0.4138):  93%|█████████▎| 1165/1250 [31:33<02:12,  1.56s/it]
Training 1/1 epoch (loss 0.4138):  93%|█████████▎| 1166/1250 [31:33<02:14,  1.60s/it]
Training 1/1 epoch (loss 0.4996):  93%|█████████▎| 1166/1250 [31:34<02:14,  1.60s/it]
Training 1/1 epoch (loss 0.4996):  93%|█████████▎| 1167/1250 [31:34<02:09,  1.55s/it]
Training 1/1 epoch (loss 0.2556):  93%|█████████▎| 1167/1250 [31:36<02:09,  1.55s/it]
Training 1/1 epoch (loss 0.2556):  93%|█████████▎| 1168/1250 [31:36<02:11,  1.60s/it]
Training 1/1 epoch (loss 0.7971):  93%|█████████▎| 1168/1250 [31:38<02:11,  1.60s/it]
Training 1/1 epoch (loss 0.7971):  94%|█████████▎| 1169/1250 [31:38<02:05,  1.55s/it]
Training 1/1 epoch (loss 0.1329):  94%|█████████▎| 1169/1250 [31:39<02:05,  1.55s/it]
Training 1/1 epoch (loss 0.1329):  94%|█████████▎| 1170/1250 [31:39<02:00,  1.51s/it]
Training 1/1 epoch (loss 0.6226):  94%|█████████▎| 1170/1250 [31:40<02:00,  1.51s/it]
Training 1/1 epoch (loss 0.6226):  94%|█████████▎| 1171/1250 [31:40<01:57,  1.49s/it]
Training 1/1 epoch (loss 0.8838):  94%|█████████▎| 1171/1250 [31:42<01:57,  1.49s/it]
Training 1/1 epoch (loss 0.8838):  94%|█████████▍| 1172/1250 [31:42<02:00,  1.55s/it]
Training 1/1 epoch (loss 0.4008):  94%|█████████▍| 1172/1250 [31:44<02:00,  1.55s/it]
Training 1/1 epoch (loss 0.4008):  94%|█████████▍| 1173/1250 [31:44<01:55,  1.51s/it]
Training 1/1 epoch (loss 0.3186):  94%|█████████▍| 1173/1250 [31:45<01:55,  1.51s/it]
Training 1/1 epoch (loss 0.3186):  94%|█████████▍| 1174/1250 [31:45<01:59,  1.58s/it]
Training 1/1 epoch (loss 0.3599):  94%|█████████▍| 1174/1250 [31:47<01:59,  1.58s/it]
Training 1/1 epoch (loss 0.3599):  94%|█████████▍| 1175/1250 [31:47<01:55,  1.54s/it]
Training 1/1 epoch (loss 0.3782):  94%|█████████▍| 1175/1250 [31:49<01:55,  1.54s/it]
Training 1/1 epoch (loss 0.3782):  94%|█████████▍| 1176/1250 [31:49<01:58,  1.60s/it]
Training 1/1 epoch (loss 0.4343):  94%|█████████▍| 1176/1250 [31:50<01:58,  1.60s/it]
Training 1/1 epoch (loss 0.4343):  94%|█████████▍| 1177/1250 [31:50<01:53,  1.55s/it]
Training 1/1 epoch (loss 0.4861):  94%|█████████▍| 1177/1250 [31:52<01:53,  1.55s/it]
Training 1/1 epoch (loss 0.4861):  94%|█████████▍| 1178/1250 [31:52<01:55,  1.61s/it]
Training 1/1 epoch (loss 0.6455):  94%|█████████▍| 1178/1250 [31:53<01:55,  1.61s/it]
Training 1/1 epoch (loss 0.6455):  94%|█████████▍| 1179/1250 [31:53<01:52,  1.58s/it][2025-05-26 17:45:08,352] [INFO] [logging.py:107:log_dist] [Rank 0] step=590, skipped=0, lr=[1.6362156982656085e-07, 1.6362156982656085e-07], mom=[[0.9, 0.95], [0.9, 0.95]]
[2025-05-26 17:45:08,353] [INFO] [timer.py:264:stop] epoch=0/micro_step=1180/global_step=590, RunningAvgSamplesPerSec=3.9764986333959422, CurrSamplesPerSec=3.691931689539636, MemAllocated=8.29GB, MaxMemAllocated=11.09GB

Training 1/1 epoch (loss 0.2465):  94%|█████████▍| 1179/1250 [31:55<01:52,  1.58s/it]
Training 1/1 epoch (loss 0.2465):  94%|█████████▍| 1180/1250 [31:55<01:55,  1.65s/it]
Training 1/1 epoch (loss 0.4535):  94%|█████████▍| 1180/1250 [31:57<01:55,  1.65s/it]
Training 1/1 epoch (loss 0.4535):  94%|█████████▍| 1181/1250 [31:57<01:51,  1.61s/it]
Training 1/1 epoch (loss 0.5145):  94%|█████████▍| 1181/1250 [31:58<01:51,  1.61s/it]
Training 1/1 epoch (loss 0.5145):  95%|█████████▍| 1182/1250 [31:58<01:50,  1.62s/it]
Training 1/1 epoch (loss 0.6620):  95%|█████████▍| 1182/1250 [32:00<01:50,  1.62s/it]
Training 1/1 epoch (loss 0.6620):  95%|█████████▍| 1183/1250 [32:00<01:47,  1.60s/it]
Training 1/1 epoch (loss 0.4193):  95%|█████████▍| 1183/1250 [32:01<01:47,  1.60s/it]
Training 1/1 epoch (loss 0.4193):  95%|█████████▍| 1184/1250 [32:01<01:47,  1.63s/it]
Training 1/1 epoch (loss 0.4653):  95%|█████████▍| 1184/1250 [32:03<01:47,  1.63s/it]
Training 1/1 epoch (loss 0.4653):  95%|█████████▍| 1185/1250 [32:03<01:43,  1.59s/it]
Training 1/1 epoch (loss 0.5495):  95%|█████████▍| 1185/1250 [32:05<01:43,  1.59s/it]
Training 1/1 epoch (loss 0.5495):  95%|█████████▍| 1186/1250 [32:05<01:44,  1.63s/it]
Training 1/1 epoch (loss 0.7202):  95%|█████████▍| 1186/1250 [32:06<01:44,  1.63s/it]
Training 1/1 epoch (loss 0.7202):  95%|█████████▍| 1187/1250 [32:06<01:41,  1.62s/it]
Training 1/1 epoch (loss 0.1968):  95%|█████████▍| 1187/1250 [32:08<01:41,  1.62s/it]
Training 1/1 epoch (loss 0.1968):  95%|█████████▌| 1188/1250 [32:08<01:41,  1.64s/it]
Training 1/1 epoch (loss 0.6369):  95%|█████████▌| 1188/1250 [32:09<01:41,  1.64s/it]
Training 1/1 epoch (loss 0.6369):  95%|█████████▌| 1189/1250 [32:09<01:36,  1.59s/it]
Training 1/1 epoch (loss 0.2943):  95%|█████████▌| 1189/1250 [32:11<01:36,  1.59s/it]
Training 1/1 epoch (loss 0.2943):  95%|█████████▌| 1190/1250 [32:11<01:37,  1.63s/it]
Training 1/1 epoch (loss 0.6014):  95%|█████████▌| 1190/1250 [32:13<01:37,  1.63s/it]
Training 1/1 epoch (loss 0.6014):  95%|█████████▌| 1191/1250 [32:13<01:40,  1.70s/it]
Training 1/1 epoch (loss 0.4534):  95%|█████████▌| 1191/1250 [32:15<01:40,  1.70s/it]
Training 1/1 epoch (loss 0.4534):  95%|█████████▌| 1192/1250 [32:15<01:39,  1.71s/it]
Training 1/1 epoch (loss 0.4847):  95%|█████████▌| 1192/1250 [32:16<01:39,  1.71s/it]
Training 1/1 epoch (loss 0.4847):  95%|█████████▌| 1193/1250 [32:16<01:33,  1.63s/it]
Training 1/1 epoch (loss 0.5784):  95%|█████████▌| 1193/1250 [32:18<01:33,  1.63s/it]
Training 1/1 epoch (loss 0.5784):  96%|█████████▌| 1194/1250 [32:18<01:33,  1.66s/it]
Training 1/1 epoch (loss 0.6457):  96%|█████████▌| 1194/1250 [32:19<01:33,  1.66s/it]
Training 1/1 epoch (loss 0.6457):  96%|█████████▌| 1195/1250 [32:19<01:27,  1.60s/it]
Training 1/1 epoch (loss 0.7684):  96%|█████████▌| 1195/1250 [32:21<01:27,  1.60s/it]
Training 1/1 epoch (loss 0.7684):  96%|█████████▌| 1196/1250 [32:21<01:27,  1.62s/it]
Training 1/1 epoch (loss 0.5779):  96%|█████████▌| 1196/1250 [32:23<01:27,  1.62s/it]
Training 1/1 epoch (loss 0.5779):  96%|█████████▌| 1197/1250 [32:23<01:23,  1.58s/it]
Training 1/1 epoch (loss 0.7138):  96%|█████████▌| 1197/1250 [32:24<01:23,  1.58s/it]
Training 1/1 epoch (loss 0.7138):  96%|█████████▌| 1198/1250 [32:24<01:24,  1.63s/it]
Training 1/1 epoch (loss 0.5182):  96%|█████████▌| 1198/1250 [32:26<01:24,  1.63s/it]
Training 1/1 epoch (loss 0.5182):  96%|█████████▌| 1199/1250 [32:26<01:20,  1.58s/it][2025-05-26 17:45:40,829] [INFO] [logging.py:107:log_dist] [Rank 0] step=600, skipped=0, lr=[8.359232296349163e-08, 8.359232296349163e-08], mom=[[0.9, 0.95], [0.9, 0.95]]
[2025-05-26 17:45:40,830] [INFO] [timer.py:264:stop] epoch=0/micro_step=1200/global_step=600, RunningAvgSamplesPerSec=3.975308864745873, CurrSamplesPerSec=3.9107601094219815, MemAllocated=8.29GB, MaxMemAllocated=11.09GB

Training 1/1 epoch (loss 0.3750):  96%|█████████▌| 1199/1250 [32:27<01:20,  1.58s/it]
Training 1/1 epoch (loss 0.3750):  96%|█████████▌| 1200/1250 [32:27<01:21,  1.63s/it]
Training 1/1 epoch (loss 0.5391):  96%|█████████▌| 1200/1250 [32:29<01:21,  1.63s/it]
Training 1/1 epoch (loss 0.5391):  96%|█████████▌| 1201/1250 [32:29<01:17,  1.58s/it]
Training 1/1 epoch (loss 0.6768):  96%|█████████▌| 1201/1250 [32:31<01:17,  1.58s/it]
Training 1/1 epoch (loss 0.6768):  96%|█████████▌| 1202/1250 [32:31<01:17,  1.61s/it]
Training 1/1 epoch (loss 0.5911):  96%|█████████▌| 1202/1250 [32:32<01:17,  1.61s/it]
Training 1/1 epoch (loss 0.5911):  96%|█████████▌| 1203/1250 [32:32<01:13,  1.56s/it]
Training 1/1 epoch (loss 0.3598):  96%|█████████▌| 1203/1250 [32:34<01:13,  1.56s/it]
Training 1/1 epoch (loss 0.3598):  96%|█████████▋| 1204/1250 [32:34<01:13,  1.59s/it]
Training 1/1 epoch (loss 0.3977):  96%|█████████▋| 1204/1250 [32:36<01:13,  1.59s/it]
Training 1/1 epoch (loss 0.3977):  96%|█████████▋| 1205/1250 [32:36<01:15,  1.67s/it]
Training 1/1 epoch (loss 0.6201):  96%|█████████▋| 1205/1250 [32:38<01:15,  1.67s/it]
Training 1/1 epoch (loss 0.6201):  96%|█████████▋| 1206/1250 [32:38<01:17,  1.76s/it]
Training 1/1 epoch (loss 1.1009):  96%|█████████▋| 1206/1250 [32:39<01:17,  1.76s/it]
Training 1/1 epoch (loss 1.1009):  97%|█████████▋| 1207/1250 [32:39<01:13,  1.71s/it]
Training 1/1 epoch (loss 0.9454):  97%|█████████▋| 1207/1250 [32:41<01:13,  1.71s/it]
Training 1/1 epoch (loss 0.9454):  97%|█████████▋| 1208/1250 [32:41<01:12,  1.73s/it]
Training 1/1 epoch (loss 0.4942):  97%|█████████▋| 1208/1250 [32:42<01:12,  1.73s/it]
Training 1/1 epoch (loss 0.4942):  97%|█████████▋| 1209/1250 [32:42<01:08,  1.66s/it]
Training 1/1 epoch (loss 0.4239):  97%|█████████▋| 1209/1250 [32:44<01:08,  1.66s/it]
Training 1/1 epoch (loss 0.4239):  97%|█████████▋| 1210/1250 [32:44<01:06,  1.67s/it]
Training 1/1 epoch (loss 0.4767):  97%|█████████▋| 1210/1250 [32:46<01:06,  1.67s/it]
Training 1/1 epoch (loss 0.4767):  97%|█████████▋| 1211/1250 [32:46<01:02,  1.60s/it]
Training 1/1 epoch (loss 1.2153):  97%|█████████▋| 1211/1250 [32:47<01:02,  1.60s/it]
Training 1/1 epoch (loss 1.2153):  97%|█████████▋| 1212/1250 [32:47<01:03,  1.67s/it]
Training 1/1 epoch (loss 0.3815):  97%|█████████▋| 1212/1250 [32:49<01:03,  1.67s/it]
Training 1/1 epoch (loss 0.3815):  97%|█████████▋| 1213/1250 [32:49<00:59,  1.60s/it]
Training 1/1 epoch (loss 0.6209):  97%|█████████▋| 1213/1250 [32:50<00:59,  1.60s/it]
Training 1/1 epoch (loss 0.6209):  97%|█████████▋| 1214/1250 [32:50<00:56,  1.57s/it]
Training 1/1 epoch (loss 0.6364):  97%|█████████▋| 1214/1250 [32:52<00:56,  1.57s/it]
Training 1/1 epoch (loss 0.6364):  97%|█████████▋| 1215/1250 [32:52<00:53,  1.54s/it]
Training 1/1 epoch (loss 0.5621):  97%|█████████▋| 1215/1250 [32:54<00:53,  1.54s/it]
Training 1/1 epoch (loss 0.5621):  97%|█████████▋| 1216/1250 [32:54<00:54,  1.59s/it]
Training 1/1 epoch (loss 0.5181):  97%|█████████▋| 1216/1250 [32:55<00:54,  1.59s/it]
Training 1/1 epoch (loss 0.5181):  97%|█████████▋| 1217/1250 [32:55<00:55,  1.67s/it]
Training 1/1 epoch (loss 0.2875):  97%|█████████▋| 1217/1250 [32:57<00:55,  1.67s/it]
Training 1/1 epoch (loss 0.2875):  97%|█████████▋| 1218/1250 [32:57<00:53,  1.68s/it]
Training 1/1 epoch (loss 0.4268):  97%|█████████▋| 1218/1250 [32:59<00:53,  1.68s/it]
Training 1/1 epoch (loss 0.4268):  98%|█████████▊| 1219/1250 [32:59<00:50,  1.62s/it][2025-05-26 17:46:13,332] [INFO] [logging.py:107:log_dist] [Rank 0] step=610, skipped=0, lr=[3.012012351554017e-08, 3.012012351554017e-08], mom=[[0.9, 0.95], [0.9, 0.95]]
[2025-05-26 17:46:13,333] [INFO] [timer.py:264:stop] epoch=0/micro_step=1220/global_step=610, RunningAvgSamplesPerSec=3.9758281992320867, CurrSamplesPerSec=4.482983962247209, MemAllocated=8.29GB, MaxMemAllocated=11.09GB

Training 1/1 epoch (loss 0.9945):  98%|█████████▊| 1219/1250 [33:00<00:50,  1.62s/it]
Training 1/1 epoch (loss 0.9945):  98%|█████████▊| 1220/1250 [33:00<00:46,  1.56s/it]
Training 1/1 epoch (loss 0.3696):  98%|█████████▊| 1220/1250 [33:01<00:46,  1.56s/it]
Training 1/1 epoch (loss 0.3696):  98%|█████████▊| 1221/1250 [33:01<00:44,  1.54s/it]
Training 1/1 epoch (loss 0.4545):  98%|█████████▊| 1221/1250 [33:03<00:44,  1.54s/it]
Training 1/1 epoch (loss 0.4545):  98%|█████████▊| 1222/1250 [33:03<00:44,  1.59s/it]
Training 1/1 epoch (loss 0.4397):  98%|█████████▊| 1222/1250 [33:05<00:44,  1.59s/it]
Training 1/1 epoch (loss 0.4397):  98%|█████████▊| 1223/1250 [33:05<00:42,  1.56s/it]
Training 1/1 epoch (loss 0.3371):  98%|█████████▊| 1223/1250 [33:06<00:42,  1.56s/it]
Training 1/1 epoch (loss 0.3371):  98%|█████████▊| 1224/1250 [33:06<00:41,  1.60s/it]
Training 1/1 epoch (loss 0.6436):  98%|█████████▊| 1224/1250 [33:08<00:41,  1.60s/it]
Training 1/1 epoch (loss 0.6436):  98%|█████████▊| 1225/1250 [33:08<00:38,  1.55s/it]
Training 1/1 epoch (loss 0.4631):  98%|█████████▊| 1225/1250 [33:10<00:38,  1.55s/it]
Training 1/1 epoch (loss 0.4631):  98%|█████████▊| 1226/1250 [33:10<00:38,  1.61s/it]
Training 1/1 epoch (loss 0.3171):  98%|█████████▊| 1226/1250 [33:11<00:38,  1.61s/it]
Training 1/1 epoch (loss 0.3171):  98%|█████████▊| 1227/1250 [33:11<00:36,  1.59s/it]
Training 1/1 epoch (loss 0.9479):  98%|█████████▊| 1227/1250 [33:13<00:36,  1.59s/it]
Training 1/1 epoch (loss 0.9479):  98%|█████████▊| 1228/1250 [33:13<00:36,  1.65s/it]
Training 1/1 epoch (loss 0.4389):  98%|█████████▊| 1228/1250 [33:14<00:36,  1.65s/it]
Training 1/1 epoch (loss 0.4389):  98%|█████████▊| 1229/1250 [33:14<00:33,  1.61s/it]
Training 1/1 epoch (loss 0.5830):  98%|█████████▊| 1229/1250 [33:16<00:33,  1.61s/it]
Training 1/1 epoch (loss 0.5830):  98%|█████████▊| 1230/1250 [33:16<00:32,  1.64s/it]
Training 1/1 epoch (loss 0.6849):  98%|█████████▊| 1230/1250 [33:17<00:32,  1.64s/it]
Training 1/1 epoch (loss 0.6849):  98%|█████████▊| 1231/1250 [33:17<00:29,  1.57s/it]
Training 1/1 epoch (loss 0.6963):  98%|█████████▊| 1231/1250 [33:19<00:29,  1.57s/it]
Training 1/1 epoch (loss 0.6963):  99%|█████████▊| 1232/1250 [33:19<00:29,  1.63s/it]
Training 1/1 epoch (loss 0.2689):  99%|█████████▊| 1232/1250 [33:21<00:29,  1.63s/it]
Training 1/1 epoch (loss 0.2689):  99%|█████████▊| 1233/1250 [33:21<00:26,  1.58s/it]
Training 1/1 epoch (loss 0.7321):  99%|█████████▊| 1233/1250 [33:22<00:26,  1.58s/it]
Training 1/1 epoch (loss 0.7321):  99%|█████████▊| 1234/1250 [33:22<00:26,  1.64s/it]
Training 1/1 epoch (loss 1.0689):  99%|█████████▊| 1234/1250 [33:24<00:26,  1.64s/it]
Training 1/1 epoch (loss 1.0689):  99%|█████████▉| 1235/1250 [33:24<00:23,  1.59s/it]
Training 1/1 epoch (loss 1.0579):  99%|█████████▉| 1235/1250 [33:26<00:23,  1.59s/it]
Training 1/1 epoch (loss 1.0579):  99%|█████████▉| 1236/1250 [33:26<00:22,  1.63s/it]
Training 1/1 epoch (loss 0.9038):  99%|█████████▉| 1236/1250 [33:27<00:22,  1.63s/it]
Training 1/1 epoch (loss 0.9038):  99%|█████████▉| 1237/1250 [33:27<00:20,  1.59s/it]
Training 1/1 epoch (loss 0.6303):  99%|█████████▉| 1237/1250 [33:29<00:20,  1.59s/it]
Training 1/1 epoch (loss 0.6303):  99%|█████████▉| 1238/1250 [33:29<00:19,  1.62s/it]
Training 1/1 epoch (loss 0.7249):  99%|█████████▉| 1238/1250 [33:30<00:19,  1.62s/it]
Training 1/1 epoch (loss 0.7249):  99%|█████████▉| 1239/1250 [33:30<00:17,  1.59s/it][2025-05-26 17:46:45,436] [INFO] [logging.py:107:log_dist] [Rank 0] step=620, skipped=0, lr=[3.3481749271768726e-09, 3.3481749271768726e-09], mom=[[0.9, 0.95], [0.9, 0.95]]
[2025-05-26 17:46:45,437] [INFO] [timer.py:264:stop] epoch=0/micro_step=1240/global_step=620, RunningAvgSamplesPerSec=3.974845745300063, CurrSamplesPerSec=3.9628029023977214, MemAllocated=8.29GB, MaxMemAllocated=11.09GB

Training 1/1 epoch (loss 0.6178):  99%|█████████▉| 1239/1250 [33:32<00:17,  1.59s/it]
Training 1/1 epoch (loss 0.6178):  99%|█████████▉| 1240/1250 [33:32<00:16,  1.63s/it]
Training 1/1 epoch (loss 0.3856):  99%|█████████▉| 1240/1250 [33:34<00:16,  1.63s/it]
Training 1/1 epoch (loss 0.3856):  99%|█████████▉| 1241/1250 [33:34<00:14,  1.58s/it]
Training 1/1 epoch (loss 0.7383):  99%|█████████▉| 1241/1250 [33:35<00:14,  1.58s/it]
Training 1/1 epoch (loss 0.7383):  99%|█████████▉| 1242/1250 [33:35<00:13,  1.66s/it]
Training 1/1 epoch (loss 0.2126):  99%|█████████▉| 1242/1250 [33:37<00:13,  1.66s/it]
Training 1/1 epoch (loss 0.2126):  99%|█████████▉| 1243/1250 [33:37<00:11,  1.59s/it]
Training 1/1 epoch (loss 0.2172):  99%|█████████▉| 1243/1250 [33:39<00:11,  1.59s/it]
Training 1/1 epoch (loss 0.2172): 100%|█████████▉| 1244/1250 [33:39<00:09,  1.62s/it]
Training 1/1 epoch (loss 0.4459): 100%|█████████▉| 1244/1250 [33:40<00:09,  1.62s/it]
Training 1/1 epoch (loss 0.4459): 100%|█████████▉| 1245/1250 [33:40<00:07,  1.56s/it]
Training 1/1 epoch (loss 0.4644): 100%|█████████▉| 1245/1250 [33:42<00:07,  1.56s/it]
Training 1/1 epoch (loss 0.4644): 100%|█████████▉| 1246/1250 [33:42<00:06,  1.60s/it]
Training 1/1 epoch (loss 0.4241): 100%|█████████▉| 1246/1250 [33:43<00:06,  1.60s/it]
Training 1/1 epoch (loss 0.4241): 100%|█████████▉| 1247/1250 [33:43<00:04,  1.56s/it]
Training 1/1 epoch (loss 0.4593): 100%|█████████▉| 1247/1250 [33:45<00:04,  1.56s/it]
Training 1/1 epoch (loss 0.4593): 100%|█████████▉| 1248/1250 [33:45<00:03,  1.59s/it]
Training 1/1 epoch (loss 0.8465): 100%|█████████▉| 1248/1250 [33:46<00:03,  1.59s/it]
Training 1/1 epoch (loss 0.8465): 100%|█████████▉| 1249/1250 [33:46<00:01,  1.57s/it]
Training 1/1 epoch (loss 0.3420): 100%|█████████▉| 1249/1250 [33:48<00:01,  1.57s/it]
Training 1/1 epoch (loss 0.3420): 100%|██████████| 1250/1250 [33:48<00:00,  1.61s/it]
                                                                                     
Saving checkpoint at step 1250 ...

Training 1/1 epoch (loss 0.3420): 100%|██████████| 1250/1250 [33:48<00:00,  1.61s/it]
                                                                                     
Saving model to "output/qwen_2_5_rm/slice_1250" ...

Training 1/1 epoch (loss 0.3420): 100%|██████████| 1250/1250 [33:48<00:00,  1.61s/it]
                                                                                     
Saving 16-bit model...

Training 1/1 epoch (loss 0.3420): 100%|██████████| 1250/1250 [33:48<00:00,  1.61s/it][2025-05-26 17:47:02,566] [INFO] [logging.py:107:log_dist] [Rank 0] [Torch] Checkpoint global_step625 is about to be saved!
[2025-05-26 17:47:02,567] [INFO] [engine.py:3860:save_16bit_model] Saving model weights to output/qwen_2_5_rm/slice_1250/pytorch_model.bin, tag: global_step625
[2025-05-26 17:47:02,567] [INFO] [torch_checkpoint_engine.py:21:save] [Torch] Saving output/qwen_2_5_rm/slice_1250/pytorch_model.bin...
[2025-05-26 17:47:03,598] [INFO] [torch_checkpoint_engine.py:23:save] [Torch] Saved output/qwen_2_5_rm/slice_1250/pytorch_model.bin.
[2025-05-26 17:47:03,598] [INFO] [torch_checkpoint_engine.py:33:commit] [Torch] Checkpoint global_step625 is ready now!
[2025-05-26 17:47:03,641] [INFO] [logging.py:107:log_dist] [Rank 0] [Torch] Checkpoint global_step625 is about to be saved!
[2025-05-26 17:47:03,662] [INFO] [logging.py:107:log_dist] [Rank 0] Saving model checkpoint: output/qwen_2_5_rm/slice_1250/global_step625/zero_pp_rank_0_mp_rank_00_model_states.pt
[2025-05-26 17:47:03,662] [INFO] [torch_checkpoint_engine.py:21:save] [Torch] Saving output/qwen_2_5_rm/slice_1250/global_step625/zero_pp_rank_0_mp_rank_00_model_states.pt...
[2025-05-26 17:47:03,697] [INFO] [torch_checkpoint_engine.py:23:save] [Torch] Saved output/qwen_2_5_rm/slice_1250/global_step625/zero_pp_rank_0_mp_rank_00_model_states.pt.
[2025-05-26 17:47:03,699] [INFO] [torch_checkpoint_engine.py:21:save] [Torch] Saving output/qwen_2_5_rm/slice_1250/global_step625/bf16_zero_pp_rank_0_mp_rank_00_optim_states.pt...
[2025-05-26 17:47:09,124] [INFO] [torch_checkpoint_engine.py:23:save] [Torch] Saved output/qwen_2_5_rm/slice_1250/global_step625/bf16_zero_pp_rank_0_mp_rank_00_optim_states.pt.
[2025-05-26 17:47:09,125] [INFO] [engine.py:3701:_save_zero_checkpoint] zero checkpoint saved output/qwen_2_5_rm/slice_1250/global_step625/bf16_zero_pp_rank_0_mp_rank_00_optim_states.pt
[2025-05-26 17:47:09,128] [INFO] [torch_checkpoint_engine.py:33:commit] [Torch] Checkpoint global_step625 is ready now!

                                                                                     
Model saved!

Training 1/1 epoch (loss 0.3420): 100%|██████████| 1250/1250 [33:55<00:00,  1.61s/it]
                                                                                     
Checkpoint saved.

Training 1/1 epoch (loss 0.3420): 100%|██████████| 1250/1250 [33:55<00:00,  1.61s/it]
                                                                                     
***** Evaluating...*****

Training 1/1 epoch (loss 0.3420): 100%|██████████| 1250/1250 [33:55<00:00,  1.61s/it]
                                                                                     
***** Evaluating at the beginning *****

Training 1/1 epoch (loss 0.3420): 100%|██████████| 1250/1250 [33:55<00:00,  1.61s/it]

Evaluating: 0it [00:00, ?it/s][A

                              [A
                                                                                     
WARNING: `eval_dataloader` is empty.

Training 1/1 epoch (loss 0.3420): 100%|██████████| 1250/1250 [33:55<00:00,  1.61s/it]
Training 1/1 epoch (loss 0.3420): 100%|██████████| 1250/1250 [33:55<00:00,  1.63s/it]
Saving model to "output/qwen_2_5_rm/slice_end" ...
Saving 16-bit model...
[2025-05-26 17:47:09,705] [INFO] [logging.py:107:log_dist] [Rank 0] [Torch] Checkpoint global_step625 is about to be saved!
[2025-05-26 17:47:09,705] [INFO] [engine.py:3860:save_16bit_model] Saving model weights to output/qwen_2_5_rm/slice_end/pytorch_model.bin, tag: global_step625
[2025-05-26 17:47:09,705] [INFO] [torch_checkpoint_engine.py:21:save] [Torch] Saving output/qwen_2_5_rm/slice_end/pytorch_model.bin...
[2025-05-26 17:47:10,741] [INFO] [torch_checkpoint_engine.py:23:save] [Torch] Saved output/qwen_2_5_rm/slice_end/pytorch_model.bin.
[2025-05-26 17:47:10,741] [INFO] [torch_checkpoint_engine.py:33:commit] [Torch] Checkpoint global_step625 is ready now!
[2025-05-26 17:47:10,783] [INFO] [logging.py:107:log_dist] [Rank 0] [Torch] Checkpoint global_step625 is about to be saved!
[2025-05-26 17:47:10,793] [INFO] [logging.py:107:log_dist] [Rank 0] Saving model checkpoint: output/qwen_2_5_rm/slice_end/global_step625/zero_pp_rank_0_mp_rank_00_model_states.pt
[2025-05-26 17:47:10,794] [INFO] [torch_checkpoint_engine.py:21:save] [Torch] Saving output/qwen_2_5_rm/slice_end/global_step625/zero_pp_rank_0_mp_rank_00_model_states.pt...
[2025-05-26 17:47:10,829] [INFO] [torch_checkpoint_engine.py:23:save] [Torch] Saved output/qwen_2_5_rm/slice_end/global_step625/zero_pp_rank_0_mp_rank_00_model_states.pt.
[2025-05-26 17:47:10,830] [INFO] [torch_checkpoint_engine.py:21:save] [Torch] Saving output/qwen_2_5_rm/slice_end/global_step625/bf16_zero_pp_rank_0_mp_rank_00_optim_states.pt...
